País,Ene-Mar 2013,Abr-Jun 2013,Jul-Sep 2013,Oct-Dic 2013,Ene-Mar 2014,Abr-Jun 2014,Jul-Sep 2014,Oct-Dic 2014,Ene-Mar 2015,Abr-Jun 2015,Jul-Sep 2015,Oct-Dic 2015,Ene-Mar 2016,Abr-Jun 2016,Jul-Sep 2016,Oct-Dic 2016,Ene-Mar 2017,Abr-Jun 2017,Jul-Sep 2017,Oct-Dic 2017,Ene-Mar 2018,Abr-Jun 2018,Jul-Sep 2018,Oct-Dic 2018,Ene-Mar 2019,Abr-Jun 2019,Jul-Sep 2019,Oct-Dic 2019,Ene-Mar 2020,Abr-Jun 2020,Jul-Sep 2020,Oct-Dic 2020,Ene-Mar 2021,Abr-Jun 2021,Jul-Sep 2021,Oct-Dic 2021,Ene-Mar 2022,Abr-Jun 2022,Jul-Sep 2022,Oct-Dic 2022,Ene-Mar 2023
Total,5040.32825,6097.029194,5672.235076,5493.158621,5459.726963,6166.77684,5967.58321,6053.19688,5723.617151,6353.255626,6543.166192,6164.733662,6205.84926,6961.825225,6891.984241,6933.622843,6908.260363,7651.620355,7706.799797,8023.864458,7186.923417,9057.562808,8459.465243,8973.275697,7944.758122,9506.229107,9788.668822,9199.101987,9397.570459,9891.870809,10676.01737,10639.095318,10615.476633,13031.693608,13702.749337,14235.94745,12521.968501,14993.703798,15462.055579,15531.971797,13970.353149
Afganistán,0.00096,0.000979,0,0.003328,0.002479,0.000544,0,0.001668,0.012744,0.002353,0.003962,0.007792,0.003592,0.005483,0.004738,0.002438,0.001803,0.000102,0.001406,0.000928,0.000365,0.003053,0.000668,0.003127,0.00241,0.006428,0.00053,0,0.001596,0.000252,0.000123,0.001371,0.000208,0.001866,0.000422,0,0,0.006399,0.009746,0.27977,0.29996
Albania,0.005375,0.002609,0.009435,0.027682,0.014587,0.010071,0.012473,0.004484,0.012784,0.00174,0.003714,0.005392,0.001555,0.00773,0.00944,0.008888,0.003544,0.002323,0.010758,0.010844,0.002546,0.019108,0.014179,0.01347,0.007138,0.006491,0.00567,0.005554,0.004357,0.006385,0.000869,0.003528,0.002855,0.004203,0.002285,0.001785,0.010944,0.002208,0.004465,0.006214,0.003771
Alemania,0.808244,0.956127,0.787737,0.691994,0.560594,0.598796,1.407891,0.516433,1.26418,3.472006,3.708628,3.870701,3.74385,3.707534,3.332551,3.667614,3.404648,4.224793,4.502793,5.407018,5.508888,4.878703,6.25818,6.871013,6.162777,6.663736,7.041278,7.801517,7.390869,6.692659,7.676331,8.288904,8.261712,8.852029,12.174753,10.157866,9.116183,9.692502,5.255331,5.664493,5.620076
Angola,0.049502,0.062685,0.043369,0.118248,0.112139,0.079658,0.066761,0.035647,0.004415,0.001725,0.002142,0.01119,0.00383,0.002845,0.000463,0.000567,0.000976,0.000733,0.001346,0,0.001903,0.003334,0,0,0,0,0,0,0,0,0,0,0.000413,0.000323,0.000799,0.000974,0,0.003711,0.001208,0.016266,0.035705
Anguila,0,0.000101,0,0.00128,0.003401,0.000977,0.000758,0.000916,0.000976,0.001241,0.000959,0.000939,0.004541,0.001528,0.001845,0.00325,0.004089,0.00441,0.002362,0.001644,0.000186,0.000064,0.01236,0.052859,0,0.00266,0.002898,0.000187,0.002897,0.000057,0.001468,0.000452,0.000761,0.005046,0.031436,0.040294,0.041495,0.014053,0.000175,0.000522,0.000271
Antigua y Barbuda,0.001735,0.00089,0.002056,0.002941,0.005147,0.001415,0.00344,0.000875,0.005246,0.001231,0.001766,0.002097,0.004592,0.001609,0.003207,0.005583,0.007465,0.00775,0.003327,0.000459,0.006739,0.003614,0.022419,0.008597,0.006557,0.006987,0.008,0.004635,0.002446,0.001967,0.002786,0.00236,0.002762,0.001074,0.001902,0.002245,0.001696,0.002896,0.003729,0.007039,0.008127
Antillas Holandesas,0.007684,0.005307,0.006629,0,0,0,0,0,0,0,0,0,0,0.000012,0.000492,0,0.00011,0.000013,0,0.000218,0.000104,0.002361,0.005587,0.006755,0.002974,0.001855,0.000275,0.002428,0.003572,0.001096,0.000984,0.001226,0.002123,0.000183,0,0.005192,0.001396,0.00062,0.00068,0.00185,0.001159
Arabia Saudita,0.043215,0.032155,0.048919,0.027504,0.018644,0.065771,0.059356,0.068932,0.33802,0.034347,0.040172,0.057518,0.110033,0.102055,0.097894,0.134895,0.144429,0.059369,0.091636,0.101177,0.064726,0.065372,0.064647,0.092664,0.109928,0.092984,0.082609,0.081697,0.070438,0.104953,0.112431,0.101048,0.10331,0.0853,0.107988,0.148751,0.123868,0.140519,0.17848,0.153451,0.125452
Argelia,0,0,0,0,0,0,0,0,0,0,0,0,0,0,0,0,0,0,0,0,0,0,0,0,0,0,0,0,0,0,0,0,0,0,0,0,0,0,0,0,0
Argentina,0.381096,0.333992,0.297838,0.226969,0.185674,0.183253,0.208827,0.189007,0.52305,1.482247,1.442648,0.535856,2.452422,4.00443,5.051387,5.407019,5.111013,6.38882,9.056157,11.26688,9.442985,7.784693,10.543864,10.745829,5.074479,5.462968,5.966362,6.039481,3.149573,3.787119,5.486478,4.669569,4.966239,5.614714,6.500846,6.215813,5.506045,6.705901,3.065937,3.433567,2.825442
Armenia,0.007262,0.00459,0.006566,0.007102,0.006114,0.01522,0.016475,0.004019,0.006723,0.00123,0.003895,0.001633,0.001975,0.000642,0.000928,0.004322,0.002797,0.0101,0.004837,0.001755,0.010292,0.015678,0.00354,0.00596,0,0.002027,0.004167,0.031008,0.010105,0.004144,0.007265,0.008098,0.007194,0.00371,0.003246,0.013597,0.010664,0.026044,0.009764,0.011598,0.012463
Aruba,0.027389,0.033038,0.039685,0.018587,0.006779,0.002711,0.046935,0.035096,0.016974,0.007069,0.008973,0.004933,0.00586,0.007065,0.011814,0.022012,0.016058,0.014342,0.008917,0.00845,0.008927,0.010221,0.004646,0.00468,0.009608,0.012559,0.010798,0.008051,0.007181,0.004568,0.008131,0.01454,0.015205,0.008378,0.006635,0.014656,0.010332,0.013027,0.012025,0.017565,0.018251
Australia,0.295247,0.26861,0.256494,0.32391,0.265113,0.198057,0.154834,0.173334,0.539852,0.822228,1.029013,0.943474,0.815419,0.789714,1.012804,0.887525,0.715544,0.733989,0.901337,1.034426,1.020922,0.898399,1.020742,1.179415,0.802005,0.856093,1.060349,1.29535,0.992759,1.161603,1.769766,1.752974,1.578513,1.897462,2.034889,2.04584,1.668125,1.928006,1.2653,1.460273,1.36524
Austria,0.045329,0.093349,0.048134,0.051952,0.033668,0.030464,0.024258,0.030414,0.079153,0.030004,0.025495,0.019195,0.033572,0.024237,0.031083,0.029836,0.027444,0.02822,0.043894,0.036658,0.034535,0.047176,0.038542,0.038173,0.04702,0.043113,0.035889,0.03493,0.035995,0.029476,0.05942,0.049071,0.059233,0.07234,0.06292,0.06304,0.08679,0.06954,0.076391,0.102779,0.120152
Azerbaiyán,0,0.000084,0.000723,0,0,0,0,0.003906,0.210099,0,0,0,0.000289,0.000737,0,0,0,0,0.001305,0.00056,0,0,0.001704,0.000383,0.000947,0.000608,0,0,0,0,0,0.000467,0.001567,0.001581,0,0,0,0.000044,0.00014,0.000155,0
Bahamas,0.067751,0.074413,0.075821,0.055623,0.073674,0.069954,0.084267,0.135391,0.411881,0.052358,0.039261,0.03631,0.063495,0.055244,0.053142,0.062464,0.119106,0.135185,0.076284,0.072307,0.115139,0.147033,0.141464,0.18077,0.134651,0.165293,0.169846,0.2108,0.180014,0.105992,0.142173,0.128842,0.097496,0.155042,0.221474,0.226419,0.207856,0.249188,0.300601,0.244843,0.200761
Bahrein,0.006475,0.033629,0.051747,0.032074,0.015108,0.008782,0.018595,0.015777,0.075351,0.00619,0.009242,0.009457,0.011092,0.012071,0.017027,0.021194,0.024967,0.022124,0.021864,0.034443,0.028711,0.017929,0.012733,0.023044,0.028534,0.01547,0.025821,0.0268,0.019687,0.013332,0.01047,0.014566,0.009163,0.008757,0.016151,0.032643,0.011154,0.010287,0.01376,0.018597,0.018468
Bangladesh,0,0,0,0,0,0,0,0,0,0,0.00028,0.000956,0,0.001293,0,0,0,0,0,0,0,0,0,0,0,0,0,0,0,0,0,0,0,0,0,0,0,0,0,0,0
Barbados,0.000761,0.00036,0,0,0,0,0.000168,0,0.000087,0,0,0.000974,0,0,0,0,0,0.000886,0.000083,0.00053,0.000475,0.000668,0,0,0,0.000632,0.001344,0.0032,0.000536,0,0.000034,0,0,0.000483,0.000524,0.000476,0.000737,0,0.000045,0.000045,0.000106
Bélgica,0.189009,0.159003,0.130398,0.146422,0.158049,0.288084,0.089406,0.116319,0.125975,0.041243,0.048906,0.049859,0.041769,0.051603,0.061153,0.05272,0.031811,0.054756,0.046148,0.052585,0.055642,0.068058,0.062754,0.056266,0.053318,0.085356,0.051177,0.062685,0.054509,0.069653,0.08126,0.073027,0.067669,0.09637,0.137448,0.149638,0.121742,0.145769,0.175417,0.189579,0.242524
Belice,0.068104,0.081037,0.16153,0.144261,0.073407,0.083542,0.131454,0.095941,0.279793,0.036894,0.04639,0.043244,0.072838,0.099638,0.135015,0.203867,0.176996,0.123406,0.144713,0.126609,0.0959,0.094821,0.10268,0.081738,0.089655,0.096459,0.077663,0.079347,0.078725,0.077261,0.124887,0.138211,0.121072,0.126542,0.182454,0.143074,0.116461,0.125257,0.127196,0.104782,0.109024
Benín,0,0,0.001946,0.000248,0.002049,0,0,0.000453,0.00134,0.00016,0.00099,0.000742,0.00011,0.00014,0,0.000491,0.001086,0.000326,0.001642,0.000051,0.000309,0.000195,0.002228,0.002622,0.004906,0.005844,0.001926,0.000214,0.001347,0.001608,0.000886,0.001365,0.00064,0.001678,0.004337,0.000987,0.001812,0.003408,0.000878,0.001957,0.010721
Bermudas,0.0215,0.019342,0.017782,0.007872,0.011468,0.006293,0.004726,0.005368,0.003417,0.001909,0.002889,0.004624,0.005152,0.0154,0.017783,0.020208,0.020281,0.012235,0.021632,0.016536,0.008132,0.017866,0.014595,0.006702,0.018485,0.019824,0.026091,0.029907,0.04271,0.049069,0.067692,0.041807,0.0186,0.028138,0.030205,0.02312,0.00995,0.018087,0.028564,0.036729,0.026309
Bielorrusia,0,0.000579,0,0.002592,0.004468,0.002132,0.002635,0.006652,0.005598,0.00036,0.000969,0.00069,0.000309,0.001064,0.004515,0.008199,0.019802,0.002688,0.001903,0.001727,0.001269,0.0026,0.001346,0.002486,0.001649,0.004261,0.049845,0.006159,0.001914,0.0028,0.004319,0.005956,0.004771,0.005215,0.004553,0.006592,0.002008,0.001377,0,0.001997,0.000587
Bolivia,0.44901,0.583106,0.423698,0.477736,0.379573,0.470917,0.381164,0.449923,1.13005,1.477774,1.597292,1.647001,1.312189,1.352158,0.942989,1.091406,0.887641,1.218052,1.27774,1.384159,0.969262,1.386807,1.433511,1.56981,1.71019,1.654619,2.220379,1.778617,1.474246,0.794128,1.296325,1.890372,1.959969,2.092649,2.571053,3.194406,2.678566,3.483316,2.070327,2.238855,1.933808
Bonaire,0.006466,0,0,0,0,0,0,0,0,0,0,0,0,0,0,0,0,0.00012,0.000035,0,0,0,0,0,0,0,0,0,0,0,0,0,0,0,0,0,0,0,0,0,0
Bosnia-Herzegovina,0.000301,0.000148,0.000619,0,0,0,0,0,0,0,0.000284,0.001014,0,0.000287,0.000848,0.001116,0.000257,0.000097,0.000224,0.000772,0.000173,0.000517,0.000469,0.000254,0.000663,0.000718,0.001183,0.001497,0.000859,0.007506,0.006319,0.002434,0.012201,0.006722,0.002998,0.000186,0.005037,0.000096,0.008128,0.010705,0.000775
Botswana,0,0.000744,0,0,0,0,0.00019,0.000561,0.000632,0,0.000814,0,0,0,0,0,0,0,0,0,0,0,0.000312,0,0,0,0,0,0,0,0,0.000014,0,0,0,0.000024,0,0,0.000963,0,0.000817
Brasil,0.508347,0.532329,0.432548,0.371806,0.398619,0.414367,0.37744,0.506185,1.0549,2.404683,2.603807,2.217786,2.559858,3.921012,3.46913,3.799388,2.943615,2.570892,3.107215,3.380649,4.697782,3.191514,5.042201,6.017347,5.441451,8.721247,8.665127,8.494272,5.250493,1.893825,2.869606,4.617707,7.174411,13.117282,18.252979,21.566573,13.568517,13.210706,6.620206,6.070394,11.114436
Brunei,0,0,0.00088,0,0.007339,0.008367,0.001746,0.001765,0.000361,0.000227,0.00007,0.000205,0.000943,0.000564,0,0,0.001956,0.000053,0,0,0,0,0.00038,0,0.000049,0,0.000051,0.000408,0.000566,0,0,0,0,0,0,0,0,0,0,0,0
Bulgaria,0.007521,0.004499,0.006752,0.00331,0.002129,0.016341,0.0082,0.024651,0.027619,0.004623,0.001605,0.001364,0.001446,0.001225,0.000906,0.001531,0.002468,0.004488,0.003422,0.002371,0.009347,0.005057,0.005892,0.005298,0.00467,0.005354,0.004717,0.005651,0.006027,0.004695,0.009083,0.010426,0.005696,0.00641,0.004407,0.008635,0.008638,0.00608,0.005819,0.011396,0.006073
Burkina Faso,0,0,0,0,0,0.001202,0,0,0.001102,0.000296,0.000305,0.000199,0.00109,0.000551,0.001532,0.000356,0.001298,0.000231,0.000583,0.001588,0.001096,0.003569,0,0.001915,0.000928,0.001605,0.005727,0.001798,0.002052,0.000424,0.001807,0.009037,0.01447,0.001125,0.002569,0.004027,0.007607,0.010828,0.030983,0.048859,0.04003
Burundi,0.000918,0,0,0,0,0,0,0,0,0,0,0,0,0,0,0,0,0,0,0,0,0,0,0,0,0,0,0,0.000622,0,0,0,0,0,0,0,0,0,0,0.000058,0.000495
Bután,0,0,0,0.000097,0.00009,0.000198,0.002506,0.00328,0.001551,0.000086,0,0,0,0,0,0,0,0,0,0,0.002198,0.000898,0,0,0,0,0,0,0,0,0,0,0,0,0,0,0,0,0,0,0
Cabo Verde,0,0.000217,0,0.00004,0,0,0,0,0.000396,0.000269,0.00006,0.00025,0.000213,0.000024,0.000218,0.000503,0.000403,0.001015,0.000192,0.0003,0.000927,0.001406,0.002661,0.000966,0.000649,0.001176,0.004535,0.001079,0.001402,0.001631,0.000549,0.000553,0,0.000527,0.001346,0.000494,0,0.000067,0.002259,0.006105,0.003982
Camboya,0.000511,0.000499,0.002505,0.003304,0.006179,0.015151,0.001483,0.001117,0.000564,0.002186,0.001648,0.003095,0.001791,0.001776,0.005529,0.003621,0.00461,0.001055,0.001351,0.002345,0.000459,0.002238,0.001839,0.002006,0.000643,0.000048,0.003264,0.000024,0.005249,0.001868,0.000361,0.000135,0.000608,0.000187,0.000195,0.001233,0.001554,0.004049,0.003289,0.002332,0.001659
Camerún,0.034043,0.052597,0.028208,0.029175,0.015438,0.012643,0.009525,0.018017,0.037523,0.004353,0.006159,0.005342,0.004033,0.010175,0.009698,0.007782,0.007661,0.011635,0.010443,0.027811,0.013311,0.011913,0.017268,0.019744,0.028626,0.039094,0.077746,0.016153,0.008553,0.002322,0.007985,0.010187,0.012526,0.011494,0.014643,0.022547,0.031557,0.041626,0.041265,0.034,0.047951
Canadá,26.338161,64.508052,84.139378,55.115741,26.59379,51.459844,61.646219,32.62085,21.690336,71.441637,93.563609,67.718613,38.226624,74.143149,101.501641,74.730801,45.737315,92.028827,142.115078,105.557383,73.103584,117.493197,177.777306,142.366523,88.243085,153.735244,190.382472,160.313739,118.489414,158.910242,199.587714,171.933858,131.901453,187.393242,229.292296,200.566989,145.677661,231.367149,191.568818,181.819586,159.054012
Chad,0.000377,0,0.00238,0.002378,0.0005,0.004811,0,0,0.002544,0,0,0,0,0.000283,0.00025,0.000876,0,0.003467,0.00041,0.000086,0.00065,0.000246,0,0.000747,0.0008,0.000688,0.00015,0,0.00012,0,0.000026,0,0,0,0,0,0,0.000106,0.00024,0.000241,0.001893
Chile,1.047741,1.023765,0.795855,0.767423,0.652627,0.691117,0.658929,0.704366,1.719641,6.212954,5.875662,6.348805,5.086257,6.193226,5.063783,5.655358,6.541548,8.916159,10.57933,13.264368,8.445736,11.01791,9.436883,12.095125,10.154483,10.637285,14.310378,13.560812,18.592041,7.278596,12.553868,15.737664,16.950187,21.867841,31.632983,30.31984,17.909548,17.600477,11.614052,11.16941,10.170668
China,0.533465,0.541444,0.348531,0.244905,0.159861,0.259071,0.198685,0.14404,0.323601,0.217647,0.223988,0.195033,0.143275,0.203298,0.253601,0.25777,0.146489,0.180481,0.156822,0.172672,0.150884,0.095064,0.159687,0.102482,0.11635,0.138305,0.147421,0.172828,0.088261,0.107434,0.066863,0.075884,0.048405,0.052198,0.051036,0.062436,0.083948,0.054589,0.050205,0.073881,0.08823
Chipre,0.002874,0.001816,0.002104,0.000463,0.000677,0.001533,0.000623,0.000508,0.003044,0.001348,0.001233,0.004977,0.003988,0.001508,0.00207,0.002783,0.003408,0.001889,0.003757,0.002545,0.002182,0.00381,0.004817,0.004446,0.004117,0.002222,0.004066,0.002374,0.00136,0.000778,0.000323,0.000672,0.001007,0.001313,0.001773,0.004557,0.002434,0.002511,0.003498,0.005831,0.00391
Cisjordania,0,0,0,0,0,0,0,0,0,0,0,0.00189,0.000775,0.002377,0.002752,0.000193,0.002337,0.00249,0.00243,0.002495,0.002503,0.002548,0.002366,0.00331,0.000259,0.002986,0.002668,0.003796,0.000639,0,0.002742,0.002814,0.000196,0.002711,0,0,0.0027,0.002971,0.003342,0.000759,0.000574
Colombia,1.677393,1.932695,1.580927,1.438387,1.047919,0.994283,0.480456,0.477394,0.844285,10.065925,9.002426,8.182072,6.910732,7.518383,7.81896,8.375458,8.476995,8.570087,9.728029,10.403177,9.930639,10.503665,12.403716,13.708676,12.461633,13.344741,15.384047,16.462908,13.444617,9.118019,14.567169,17.961373,16.734404,18.488421,22.701026,27.942682,32.092714,44.229999,26.839715,25.928831,19.466279
Comores,0,0,0,0,0,0,0,0,0,0,0,0.000574,0.000352,0.000159,0.000164,0.000172,0,0,0.000163,0.000171,0,0,0,0,0,0.003603,0.004266,0.001004,0,0,0,0.001311,0,0,0,0,0,0.000259,0,0,0
Corea del Norte,0.001659,0.000631,0.002027,0.00368,0.002062,0.001415,0.004949,0.011693,0.004123,0,0.012795,0,0,0,0,0,0.000453,0.000233,0,0,0,0,0,0,0,0,0,0,0,0,0,0,0,0,0,0,0,0,0,0,0
Corea del Sur,0.026025,0.031826,0.004226,0.007631,0.005521,0.014496,0.018528,0.010415,0.012754,0.014513,0.007731,0.022819,0.014728,0.025477,0.017987,0.043741,0.009797,0.022601,0.020019,0.015975,0.016874,0.036683,0.021637,0.03451,0.029063,0.033545,0.053068,0.051501,0.113683,0.054771,0.095707,0.08624,0.057805,0.11168,0.084438,0.075851,0.049888,0.041777,0.04877,0.047906,0.051551
Costa de Marfil,0.01957,0.016559,0.013442,0.013162,0.026836,0.014643,0.566487,0.065372,0.070595,0.0167,0.021681,0.019657,0.023233,0.011796,0.027086,0.025394,0.006052,0.004543,0.013581,0.022186,0.017113,0.010671,0.017473,0.01795,0.024778,0.020569,0.016637,0.009734,0.008397,0.002032,0.0111,0.028614,0.027553,0.017898,0.014638,0.013785,0.013149,0.060063,0.053549,0.046523,0.030231
Costa Rica,0.622506,0.630982,0.621182,0.612822,0.506954,0.521717,0.552548,0.653855,1.710365,2.03725,2.355171,2.27845,2.169257,2.22509,1.898074,1.990418,2.247853,2.213972,2.500749,2.71619,2.578713,2.551881,2.748744,2.842161,2.823379,2.811769,3.038848,3.484335,3.364424,2.727192,3.143479,3.877886,3.479168,4.048691,4.488995,4.254204,3.91026,4.894878,2.879716,4.563261,2.83671
Croacia,0.009013,0.000573,0,0.000671,0.000113,0.000605,0.001798,0.001573,0.004615,0.003084,0.000733,0.001097,0,0.000644,0.000555,0.000166,0.000262,0.003131,0.003629,0.005807,0.005169,0.004497,0.006087,0.008976,0.009614,0.003425,0.00894,0.007382,0.006799,0.00221,0.00664,0.009905,0.00386,0.004749,0.007726,0.004563,0.008874,0.003755,0.005738,0.005204,0.004659
Cuba,0.001422,0,0,0,0,0,0,0,0.000964,0,0,0,0,0,0,0.000453,0.000097,0,0.000249,0,0,0,0,0,0,0,0,0,0,0,0,0,0,0,0,0,0,0,0.000024,0,0
Curazao,0.007485,0.004685,0.003578,0.011195,0.010258,0.001719,0.007766,0.008343,0.00042,0,0.001141,0.001659,0.001197,0.003331,0.004182,0.011026,0.003475,0.002072,0.005325,0.002988,0.003673,0.012067,0.008051,0.010681,0.009364,0.011632,0.012401,0.007015,0.013581,0.011882,0.005279,0.008202,0.0073,0.007479,0.012589,0.010714,0.008471,0.008759,0.008724,0.008726,0.008005
Dinamarca,0.024621,0.037355,0.022103,0.014388,0.00661,0.016147,0.022737,0.010251,0.059804,0.010825,0.017519,0.004975,0.006137,0.008979,0.007779,0.006036,0.010224,0.009892,0.024532,0.030257,0.014502,0.019779,0.012349,0.017031,0.013551,0.016815,0.012736,0.017763,0.013726,0.015703,0.015981,0.018607,0.018601,0.02858,0.040036,0.051207,0.078627,0.114124,0.063887,0.061842,0.072481
Djibouti,0,0,0,0,0,0,0,0.000827,0.001389,0,0,0,0,0,0,0,0,0,0,0,0,0,0.001052,0.000538,0.00016,0.000095,0,0.002639,0,0,0,0,0.000518,0.000274,0.000395,0.000561,0.000326,0.000177,0,0,0
Dominica,0.000194,0.000263,0.000893,0.001454,0,0.000097,0.000983,0,0.005105,0.000328,0.00039,0.000603,0.000183,0.000595,0.000195,0.000453,0.001789,0.000008,0.000122,0.000242,0.001746,0,0.000254,0,0.000209,0.000881,0.000895,0.000146,0.000578,0.001247,0.002692,0.000387,0.000189,0.001028,0.00215,0.005162,0.002996,0.003451,0.003227,0.001699,0.002515
Ecuador,1.124463,1.425996,1.491049,2.349618,2.019555,1.922596,1.791425,2.077476,3.371164,5.201571,5.265627,5.396331,4.909582,6.051988,5.227473,6.288551,5.714487,6.127693,6.154354,6.705965,7.052011,7.063863,7.468978,10.064784,12.991304,21.985517,20.521035,24.590166,28.718671,7.727588,18.857524,42.842858,50.542504,89.987332,108.92218,33.818725,31.812001,68.609929,42.517252,75.466785,68.160405
Egipto,0.015928,0.017685,0.020574,0.012082,0.004307,0.001146,0.009375,0.006063,0.058935,0.008815,0.014439,0.048446,0.023285,0.019202,0.024601,0.040055,0.043191,0.036359,0.049534,0.033249,0.044677,0.045149,0.064989,0.054037,0.054259,0.0292,0.031683,0.028053,0.029414,0.039656,0.028327,0.028879,0.032389,0.02602,0.026445,0.015548,0.01734,0.017567,0.021453,0.012726,0.017553
El Salvador,6.689808,7.311007,6.552239,7.193417,8.643203,11.548669,9.618732,5.986745,13.13232,4.299986,3.682305,3.918139,3.67985,5.650574,4.305929,5.205751,4.01688,3.53212,4.062804,4.720609,4.233587,4.541457,5.585421,6.883049,8.26506,12.32317,8.819608,6.888108,6.36987,3.87144,8.765768,15.247277,15.603971,19.402516,18.774081,18.659797,14.434126,16.241145,9.823964,9.197633,8.405439
Emiratos Árabes Unidos,0.243076,0.261804,0.401524,0.119136,0.093379,0.102523,0.122516,0.109136,0.266286,0.068079,0.077834,0.123305,0.186667,0.159787,0.228131,0.286702,0.219823,0.146206,0.182861,0.179691,0.133117,0.140995,0.126576,0.114135,0.083595,0.075532,0.071612,0.078073,0.156024,0.106248,0.102876,0.121044,0.135255,0.147637,0.124823,0.214232,0.196618,0.156371,0.21941,0.536402,0.598272
Eslovaquia,0.001045,0.002314,0.014693,0,0,0.000041,0,0.000558,0.001083,0.001215,0.001535,0.000966,0.001478,0.000079,0.002286,0.00425,0.000838,0.001489,0.002201,0.004231,0.006296,0.005727,0.005058,0.001906,0.001928,0.001698,0.002376,0.00106,0.002367,0.001083,0.000431,0.00049,0.001212,0.004166,0.002258,0.003626,0.001252,0.001614,0.000744,0.001053,0.000521
Eslovenia,0.002401,0.000818,0,0.000851,0.000634,0.001674,0.005255,0.003735,0.004398,0.001161,0.002323,0.004065,0.001065,0.000317,0.000503,0.001951,0.001409,0.003518,0.002692,0.003456,0.00176,0.003248,0.001256,0.001766,0.001378,0.000552,0.003271,0.000827,0.000392,0,0.001003,0.003865,0.003292,0.002965,0.002001,0.001888,0.000606,0.000323,0.00163,0.008875,0.001103
España,4.150156,5.109758,4.649711,4.579085,4.186257,4.366781,4.261414,3.721878,5.56495,6.707403,6.993113,7.25563,6.375808,7.082451,6.76789,6.956175,6.971779,7.416086,8.033775,8.56976,8.434588,8.548579,10.720871,11.607974,10.826054,12.482862,14.256564,16.840823,12.540261,11.160271,14.488505,15.797425,14.76342,16.620054,17.8261,18.097118,16.41254,18.161068,11.698177,13.073891,12.155822
Estados Unidos,4893.90607,5896.865144,5453.105782,5335.972388,5270.6292,6010.217794,5729.486334,5789.497893,5595.440127,6033.626765,6227.166007,5827.520623,5957.459358,6644.331712,6562.403638,6581.057232,6635.520566,7295.551646,7236.745497,7545.908564,6770.555089,8620.556953,7897.431349,8437.042602,7538.702576,9000.795293,9274.908893,8688.278808,8969.507072,9507.186474,10183.22867,10105.300342,10122.625701,12372.336627,12945.161764,13518.626369,11937.398824,14220.177077,14870.154719,14836.278044,13390.73361
Estonia,0.000605,0.001503,0.000847,0.001209,0,0.000375,0.000611,0.000079,0.001261,0.000846,0.000571,0.000098,0.000317,0.00007,0.000182,0.000714,0.000427,0.000234,0.000763,0.000238,0.00019,0.000993,0.001529,0.001541,0.000118,0.002824,0.000667,0.005193,0.000271,0.000561,0.001094,0.001908,0.001615,0.002642,0.003166,0.002126,0.002057,0.002642,0.007463,0.003137,0.001412
Etiopía,0,0,0,0,0,0,0,0,0,0,0,0,0,0,0,0,0,0,0,0,0,0,0,0,0,0,0,0,0,0,0,0,0,0,0,0,0,0,0,0,0
Federación Rusa,0.343285,0.380669,0.207771,0.131699,0.14096,0.193712,0.183861,0.179223,0.471243,0.094751,0.099844,0.190634,0.132686,0.176627,0.154309,0.138354,0.116611,0.103479,0.156887,0.132062,0.097961,0.121219,0.13976,0.134247,0.127699,0.114289,0.133204,0.134435,0.103333,0.071321,0.051638,0.099068,0.069743,0.099124,0.102157,0.113826,0.116046,0.003269,0,0,0.000478
Filipinas,0.05073,0.090618,0.044831,0.034757,0.040922,0.022699,0.043996,0.052753,0.093638,0.027069,0.051512,0.04235,0.030045,0.010341,0.013834,0.019749,0.029243,0.026582,0.013093,0.016302,0.029626,0.039939,0.033319,0.027406,0.021133,0.024935,0.025968,0.020529,0.018634,0.014018,0.027416,0.022956,0.02118,0.018977,0.007783,0.019952,0.007378,0.024265,0.016742,0.014129,0.015019
Finlandia,0.025761,0.039044,0.017864,0.00907,0.003922,0.004391,0.010258,0.008342,0.013006,0.012605,0.006262,0.004893,0.005432,0.006674,0.00538,0.008896,0.004777,0.003914,0.009325,0.015355,0.015377,0.010382,0.008434,0.00704,0.009215,0.005947,0.004571,0.005795,0.008329,0.008353,0.017087,0.020582,0.019185,0.022714,0.035174,0.039269,0.033243,0.040709,0.038414,0.043316,0.057627
Fiyi,0,0.000493,0,0.000265,0.002761,0.000117,0.003282,0.001271,0,0,0,0.001016,0,0.00303,0.002036,0.001942,0.002134,0.000286,0.001665,0.001794,0.001762,0.000046,0.000861,0.000068,0,0,0.000135,0,0.000882,0,0,0,0,0.000251,0.000091,0,0.000531,0,0.000042,0.0001,0
Francia,0.766383,0.907613,0.670101,0.544885,0.530528,0.359076,0.286164,0.259646,0.966076,4.653728,4.766932,4.521741,4.483684,4.771597,4.221226,4.818279,4.577712,5.026919,5.561347,6.15728,7.32101,6.271662,7.500769,8.403497,7.850571,8.542098,8.448961,9.013275,8.565113,6.023274,7.897187,8.911601,9.964243,10.050172,11.19464,12.158861,11.19344,9.337481,5.148174,6.001814,7.698616
Gabón,0.004,0.0029,0.002751,0.002612,0.00356,0.000847,0,0.007974,0.016841,0.001086,0.000231,0.000306,0.000263,0.011777,0.001028,0.000686,0.000666,0.001678,0.000396,0.000173,0.000444,0.000405,0.002048,0.002502,0.004118,0.002626,0.000308,0.001728,0.000709,0.00028,0.000525,0.00037,0.000604,0,0.00053,0.000507,0.002358,0.004809,0.005064,0.009811,0.006524
Gambia,0,0,0,0,0.000086,0,0,0,0,0,0,0,0.000043,0,0,0,0,0.000115,0,0,0,0,0,0.000626,0.002399,0.001343,0.000247,0.000412,0.000605,0,0.001696,0.002544,0,0.000949,0.000729,0.000084,0.000066,0.000243,0.001734,0,0.005513
Georgia,0,0.003995,0.001002,0.004103,0,0.000066,0,0.002703,0.033227,0.008551,0.004019,0.001776,0.00306,0.003119,0.010988,0.009772,0.000379,0.000061,0.005173,0.004789,0.005398,0.000193,0,0.000585,0,0,0,0,0,0,0,0,0,0,0,0,0,0,0,0,0.006201
Ghana,0,0,0,0,0,0,0,0,0,0,0,0,0,0,0,0,0,0,0,0,0,0,0,0,0,0,0,0,0,0,0,0,0,0,0,0,0,0,0,0,0
Gibraltar,0.000392,0.000871,0,0,0.000663,0.000098,0.000099,0.000483,0.001089,0.000073,0.001019,0.000333,0.000647,0.000286,0.000126,0.000348,0.000111,0.00018,0.000468,0.000442,0.000169,0.000066,0.000702,0.000656,0.000133,0.000063,0.000215,0.000222,0.000152,0,0,0.000021,0,0,0,0,0,0,0,0,0.00002
Granada,0.001417,0.001466,0.000753,0.001142,0.002338,0.001176,0.004792,0.001754,0.008446,0.000653,0.001738,0.00132,0.00055,0.000327,0.000711,0.001338,0.001074,0.003556,0.003388,0.001173,0.000515,0.000688,0.002943,0.001604,0.00085,0.002551,0.000913,0.000626,0.00202,0.000514,0.000313,0.000953,0.000687,0.000229,0.000691,0.008209,0.00722,0.002074,0.001854,0.004042,0.003672
Grecia,0.074964,0.266124,0.257644,0.125923,0.036483,0.030195,0.046067,0.029223,0.017416,0.003556,0,0.006007,0.008453,0.020316,0.014068,0.016612,0.014727,0.013275,0.012745,0.013551,0.014209,0.022642,0.018941,0.023785,0.025363,0.026103,0.019921,0.017023,0.027295,0.014628,0.024275,0.018338,0.014109,0.020873,0.03075,0.025534,0.018391,0.061905,0.069595,0.051064,0.089104
Guadalupe,0,0,0,0,0,0,0,0,0,0,0,0,0,0,0,0,0,0,0,0,0.003778,0.002888,0.002603,0.005394,0.002647,0.006893,0.01017,0.008081,0.008544,0.004532,0.015064,0.012959,0.014774,0.029951,0.046094,0.027275,0.021123,0.018448,0.016409,0.012813,0.026264
Guam,0.001128,0.007143,0.002914,0.001026,0.00037,0.00059,0.000041,0.000594,0.00048,0.000428,0.003517,0.006563,0.003982,0.001215,0.001436,0.000171,0.000094,0,0.000045,0.001063,0.000461,0.001012,0.003238,0,0.000294,0.00147,0.000645,0.002344,0.00117,0.000643,0.001103,0.002768,0.014231,0.003585,0.011966,0.02571,0.007432,0.001441,0.000397,0.002162,0.007914
Guatemala,9.187698,9.349821,8.137993,11.732555,13.072112,9.032281,6.018611,5.725988,17.305846,3.949552,3.431694,3.669457,3.479666,4.472357,4.341401,4.733364,3.134945,2.942632,3.832231,4.783409,5.636103,4.907719,6.510382,9.214399,10.843486,13.736482,8.537795,7.878214,6.765474,3.804856,8.009358,11.175628,14.101006,13.873245,15.137796,14.5119,13.182584,14.401455,10.635304,11.755311,10.538748
Guayana Francesa,0.003784,0.004767,0.003637,0,0,0,0,0,0,0,0,0,0,0,0,0,0.000117,0.000207,0,0.000041,0.000036,0.000859,0.000066,0.001162,0.007115,0.003415,0.003815,0.002679,0.001774,0.001706,0.003404,0.001227,0.004012,0.008041,0.02336,0.044559,0.014095,0.010987,0.006509,0.014831,0.04653
Guinea Bisáu,0,0,0,0,0,0,0,0,0.000738,0.000065,0,0,0,0,0,0,0.000328,0.001225,0.000808,0,0,0,0,0,0.000287,0.000643,0.003345,0.0019,0.000145,0.000573,0.000144,0,0,0.000058,0.000024,0,0,0.000076,0,0.004803,0.003999
Guinea Ecuatorial,0.002692,0.002436,0,0,0,0.005512,0.002561,0.001569,0.015473,0.005127,0.002626,0.003681,0.002718,0.009339,0.010609,0.010368,0.015593,0.00437,0.005522,0.004084,0.000386,0.004387,0.000613,0.000075,0.000084,0,0,0.002366,0.005176,0.002465,0.002886,0.004869,0.001362,0.004235,0.002451,0.004947,0.004571,0.002306,0.009168,0.002051,0.002665
Guyana,0.001027,0.002037,0.001443,0.000558,0.002209,0.000512,0.00248,0.004646,0.001495,0.000731,0.001261,0.000153,0.000339,0.006987,0.004009,0.002796,0.005357,0.00262,0.011707,0.005227,0.001144,0.003147,0.000976,0.007469,0.004132,0.009995,0.005505,0.002543,0.008887,0.007429,0.004667,0.005679,0.007805,0.001841,0.006114,0.004623,0.005407,0.002683,0.009351,0.009917,0.005261
Haití,0.269182,0.294902,0.210431,0.211687,0.187828,0.202517,0.212175,0.196017,0.496622,0.076691,0.082533,0.063864,0.081933,0.135301,0.127042,0.112508,0.115992,0.097699,0.112766,0.095437,0.076882,0.081235,0.08144,0.115905,0.132434,0.149619,0.169818,0.163097,0.213027,0.101854,0.151406,0.170642,0.228238,0.252603,0.357208,0.324226,0.188199,0.198593,0.15809,0.158795,0.301334
Honduras,4.156571,5.481831,4.942846,5.212578,7.797997,11.11072,4.315119,2.47708,8.503179,3.145775,3.326478,2.435212,2.471176,3.750618,3.082966,4.152135,2.37783,2.084178,3.882042,4.030341,5.116177,3.665901,6.635139,7.207395,12.281385,15.595397,11.219416,5.321522,4.58502,1.725022,4.543478,7.496912,14.468903,14.922954,17.602166,12.017774,10.302093,10.285007,5.485311,5.334347,5.52105
Hong Kong,0.034769,0.031131,0.038527,0.030973,0.031834,0.035784,0.045784,0.017238,0.025506,0.01076,0.013492,0.007458,0.006357,0.01336,0.011601,0.027263,0.021001,0.012106,0.025266,0.019218,0.017097,0.014945,0.013249,0.015251,0.029187,0.021614,0.025715,0.031674,0.01681,0.006994,0.009331,0.002219,0.008414,0.011401,0.008572,0.007291,0.003997,0.004925,0.010304,0.009646,0.0123
Hungría,0.002034,0.014014,0.006197,0.011991,0.010167,0.01447,0.015177,0.013507,0.034839,0.005809,0.024395,0.040749,0.02932,0.023874,0.047683,0.007483,0.013719,0.011296,0.006318,0.008306,0.013537,0.017915,0.011095,0.01364,0.009103,0.008481,0.01097,0.012046,0.014682,0.008871,0.007882,0.005954,0.007346,0.011706,0.011112,0.013957,0.004586,0.003364,0.006439,0.00907,0.01077
India,0.002711,0.003263,0,0.000501,0.005373,0.004055,0.00084,0.0001,0.061563,0.001025,0.000646,0.000737,0.00053,0,0.00311,0.001934,0.000959,0.001296,0.002975,0,0.000435,0.001416,0.001279,0.000024,0.000017,0,0,0,0,0,0,0,0,0,0,0,0,0,0,0,0.000305
Indonesia,0.007531,0.031627,0.023353,0.035528,0.030384,0.028755,0.036111,0.029929,0.062774,0.036015,0.031204,0.020873,0.019643,0.008684,0.0171,0.008166,0.01183,0.009206,0.012719,0.010016,0.02079,0.014895,0.010179,0.022946,0.009089,0.010534,0.011578,0.018104,0.003445,0.00301,0.004074,0.002674,0.002385,0.00266,0.004424,0.00352,0.003382,0.002222,0.000602,0.000669,0.000933
Iraq,0.00516,0.006572,0.002009,0.008408,0.006479,0.005408,0.008108,0.01651,0.024194,0.013177,0.009778,0.010315,0.00815,0.016331,0.008353,0.035456,0.0175,0.023456,0.022817,0.012728,0.012453,0.007647,0.014408,0.008826,0.009,0.012901,0.007561,0.016858,0.01674,0.021375,0.022135,0.010636,0.010035,0.01493,0.008419,0.018638,0.012953,0.013113,0.015951,0.021873,0.014628
Irlanda,0.066692,0.093805,0.069629,0.055787,0.06552,0.054553,0.066912,0.063209,0.133243,0.024721,0.026303,0.024997,0.03144,0.041838,0.031138,0.0358,0.0316,0.038314,0.040124,0.039188,0.03849,0.037818,0.047012,0.041461,0.048218,0.050737,0.057406,0.05444,0.050577,0.032841,0.035968,0.04403,0.050748,0.065389,0.092272,0.08977,0.096478,0.078006,0.083173,0.117935,0.249184
Isla de San Martín,0.023672,0.026613,0.007378,0.020419,0.015184,0.017276,0.009612,0.014943,0.049813,0.000106,0.001413,0,0,0.000439,0,0,0.00631,0.005074,0.000928,0.000876,0,0.145221,0.115239,0.132779,0.124518,0.13606,0.119464,0.136276,0.125397,0.099177,0.101202,0.118476,0.132236,0.097898,0.111286,0.087732,0.097003,0.089179,0.081522,0.068501,0.116538
Islandia,0.000204,0.004518,0.000871,0.005931,0.006124,0.003583,0.003986,0.003474,0.007657,0.000535,0.003689,0.003795,0.018612,0.004521,0.00419,0.005096,0.001403,0.00141,0.006997,0.004444,0.000868,0.001161,0.003023,0.000856,0.001016,0.002909,0.002504,0.002734,0.002914,0.001772,0.000932,0.000375,0.000084,0.000967,0.000665,0.000065,0.001561,0.000798,0.000422,0.000435,0.001157
Islas Caimán,0.16481,0.153687,0.098346,0.121549,0.153219,0.159731,0.112084,0.114689,0.380236,0.046607,0.048898,0.055376,0.074397,0.067858,0.088068,0.17063,0.121825,0.105439,0.12369,0.113176,0.074399,0.083031,0.070911,0.09307,0.094388,0.101258,0.081021,0.083689,0.088009,0.038965,0.094649,0.09147,0.087079,0.105054,0.107312,0.118441,0.099574,0.102622,0.094692,0.088055,0.08018
Islas Cocos,0,0,0,0,0,0,0,0.000456,0,0,0,0,0,0,0,0,0,0,0,0,0,0,0,0,0,0,0,0,0,0,0,0,0,0,0,0,0,0,0,0,0
Islas Cook,0,0,0,0,0,0,0,0,0,0,0,0,0,0,0,0,0,0,0,0,0,0,0,0,0,0,0,0,0,0,0.000031,0,0,0.000774,0,0,0,0,0,0,0
Islas Marshall,0,0,0,0,0,0,0,0,0.012362,0.001201,0,0,0.001957,0.000765,0.00079,0.001898,0.000095,0.000091,0.000785,0.000824,0.000615,0.001142,0,0,0,0,0.003582,0.000242,0,0,0,0,0,0.000088,0,0,0.00085,0.000812,0,0,0
Islas Salomón,0,0,0,0,0,0,0,0,0,0,0,0,0,0,0,0,0.000298,0,0,0,0,0,0,0,0,0,0,0,0,0.000649,0.000113,0,0,0,0,0,0,0,0,0,0
Islas Turcas y Caicos,0.018351,0.027655,0.028583,0.0306,0.021956,0.030001,0.042176,0.024095,0.116339,0.007292,0.007119,0.009639,0.019329,0.017642,0.02076,0.018803,0.028185,0.020318,0.020071,0.019989,0.019822,0.021052,0.015822,0.01891,0.0201,0.021274,0.01321,0.015188,0.019458,0.007625,0.012518,0.011221,0.015765,0.018978,0.032363,0.046539,0.030559,0.026385,0.022157,0.024262,0.040869
Islas Virgenes Americanas,0.099649,0.04895,0.011922,0.054951,0.057822,0.035577,0.019328,0.050427,0.207996,0.017345,0.010198,0.01303,0,0,0,0,0,0,0,0,0,0.020841,0.034396,0.018555,0.025106,0.009954,0.00794,0,0.013651,0.003991,0.005813,0.004128,0.00505,0.009311,0.016596,0.020113,0.013157,0.012731,0.013008,0.066033,0.162003
Islas Virgenes Británicas,0.010656,0.018395,0.010201,0.01032,0.013077,0.013004,0.009982,0.004973,0.038568,0.004276,0.0045,0.003224,0.010223,0.006551,0.004638,0.00696,0.016407,0.00623,0.003127,0.005183,0.002954,0.0016,0.004907,0.002966,0.002961,0.001123,0.001912,0.003606,0.00175,0.000721,0.000853,0.001853,0.0004,0.000205,0.000319,0.001239,0.003199,0.001181,0.001528,0.001328,0.002099
Israel,0.110463,0.137547,0.133211,0.061262,0.129241,0.21839,0.382814,0.639247,1.2776,0.119672,0.132924,0.147641,0.140177,0.132769,0.121823,0.136603,0.072249,0.074404,0.124743,0.111573,0.0731,0.084448,0.07579,0.10771,0.09212,0.117356,0.099031,0.089255,0.077167,0.070451,0.084178,0.103172,0.087496,0.099875,0.111436,0.117102,0.099002,0.098867,0.111762,0.111919,0.095212
Italia,1.520324,1.975906,1.956273,1.580898,1.741296,1.68702,1.600438,1.360904,3.046367,2.894333,3.086913,3.178239,2.827296,3.063745,2.760479,2.918276,2.572238,2.737107,3.038601,3.364656,3.278528,3.289974,3.868649,4.285837,3.873468,4.722985,4.951056,5.050227,4.277259,4.038159,5.306312,5.938303,5.327167,5.327996,5.771369,6.515862,5.478582,5.776236,3.87107,4.006872,3.778458
Jamaica,0.053305,0.046698,0.105736,0.100623,0.102814,0.102646,0.052652,0.04259,0.146688,0.031439,0.0563,0.038412,0.043409,0.027797,0.050253,0.04176,0.077677,0.078634,0.051705,0.049056,0.050012,0.037071,0.032668,0.064394,0.051479,0.06418,0.047792,0.036965,0.047821,0.05991,0.058993,0.05176,0.042996,0.044276,0.042273,0.060045,0.026767,0.024853,0.01626,0.020539,0.012939
Japón,0.120221,0.13124,0.139016,0.099453,0.08298,0.09591,0.116158,0.115403,0.255849,0.049366,0.075301,0.051423,0.080755,0.174442,0.19302,0.242853,0.124544,0.12185,0.126265,0.1522,0.105175,0.177901,0.100796,0.130873,0.13309,0.164452,0.146848,0.124788,0.120065,0.105211,0.121808,0.131977,0.100846,0.104231,0.124155,0.111839,0.10692,0.110969,0.10561,0.077825,0.092486
Jordania,0.016749,0.010997,0.010891,0.002797,0.007082,0.002257,0.015639,0.001522,0.001176,0.002048,0.015159,0.012997,0.019579,0.010607,0.019546,0.018336,0.014092,0.01049,0.019977,0.026217,0.019751,0.015807,0.00939,0.018902,0.013213,0.014487,0.01791,0.022809,0.010212,0.009524,0.023572,0.014783,0.017325,0.018434,0.023623,0.027709,0.017692,0.024479,0.017404,0.020762,0.019665
Kazajistán,0.020331,0.003636,0.001727,0,0.001672,0.000251,0.001163,0,0.00738,0.00109,0.002626,0.002975,0.000948,0.000501,0.001539,0.001529,0.001666,0.000113,0.000352,0.000232,0.001756,0.005362,0.00015,0.00194,0.001264,0.002171,0.000212,0.002375,0.000611,0.000696,0.001097,0.000332,0.001962,0.001173,0.002384,0.00112,0.006071,0.012075,0.011806,0.007901,0.00721
Kenia,0.049033,0.01473,0.008811,0.007672,0.006973,0.01041,0.003813,0.01575,0.016254,0.005882,0.004318,0.03622,0.012539,0.004395,0.010595,0.004621,0.011876,0.008969,0.003048,0.007599,0.006789,0.00574,0.007925,0.005844,0.002937,0.010305,0.00794,0.004106,0.011073,0.009079,0.008464,0.00836,0.006254,0.005619,0.007642,0.00441,0.010195,0.006197,0.013387,0.014039,0.020058
Kirguistán,0.000196,0,0,0.002077,0,0.002557,0.000458,0,0.007334,0.000216,0,0.000026,0,0.000241,0.000768,0.000231,0.000431,0.000208,0.000036,0.000201,0.00062,0,0.001445,0.000953,0.00056,0.001729,0.001901,0.003086,0.005897,0.000346,0.0007,0.000951,0.001972,0.001903,0.000184,0.001029,0.011987,0.018786,0.008192,0.017082,0.009961
Kiribati,0.000048,0,0,0.001196,0,0,0,0.001124,0.000904,0.000296,0,0.000182,0.002839,0.004155,0.005449,0.011783,0.00752,0.008225,0.010973,0.007418,0.002116,0.00063,0.001085,0.002004,0.005493,0.005195,0.006595,0.000596,0,0,0.000324,0,0,0,0,0,0.001856,0,0,0.001414,0.001624
Kosovo,0,0,0,0,0,0,0,0,0,0.000163,0.000298,0,0,0,0,0,0.01181,0.007687,0,0,0.002781,0.004454,0.002131,0.008191,0.006189,0,0,0.001669,0.000838,0.000687,0.002459,0.003316,0.005269,0.002004,0.001233,0.00128,0.001834,0.00496,0.005049,0.003657,0.003312
Kuwait,0.009473,0.023815,0.015982,0.029948,0.02634,0.027626,0.036237,0.039464,0.063372,0.019432,0.018853,0.023627,0.017553,0.02281,0.021129,0.028053,0.029654,0.025772,0.029188,0.033964,0.027559,0.040534,0.023664,0.03464,0.028945,0.02901,0.047412,0.055901,0.035292,0.018115,0.024769,0.035865,0.031953,0.030337,0.019085,0.015001,0.033109,0.031502,0.021726,0.024511,0.032096
Laos,0.000475,0.000717,0,0,0,0,0,0,0,0,0.000108,0,0,0.00041,0,0,0.000179,0,0,0,0,0,0.000207,0,0,0,0.00031,0.000116,0,0,0.001073,0,0,0,0,0,0,0,0.000382,0,0.004569
Letonia,0.003516,0.001027,0.002748,0,0.001126,0.000179,0.000268,0,0.001703,0.001191,0.008983,0.007212,0.000338,0.006066,0.003834,0.003886,0.0015,0.00293,0.010227,0.004029,0.008395,0.008485,0.008476,0.008436,0.005033,0.007261,0.006456,0.001007,0.000289,0.000489,0.000992,0.000797,0.000448,0.000386,0.000524,0.000179,0.001284,0.003002,0.000906,0.001607,0.002077
Líbano,0.042393,0.034768,0.035978,0.021788,0.024712,0.065198,0.070723,0.088811,0.160595,0.05523,0.065194,0.061108,0.055408,0.048706,0.067137,0.057066,0.060397,0.04463,0.041057,0.063362,0.064762,0.061833,0.056779,0.065699,0.048222,0.050727,0.046244,0.044269,0.069284,0.045823,0.038961,0.094113,0.144608,0.070911,0.050877,0.068264,0.034687,0.035054,0.034967,0.042964,0.051401
Liberia,0.001505,0.002327,0.001696,0.009053,0.000243,0.006793,0.004477,0.003089,0.003527,0.000045,0.001867,0.002849,0.001824,0.002848,0.00062,0.000491,0.005882,0.000879,0.00035,0.000367,0,0,0.000854,0.001377,0.001344,0,0.000121,0,0.00013,0.000013,0.001209,0,0,0,0,0.000625,0,0,0,0,0.001569
Libia,0.009233,0.002298,0.006009,0.001837,0.000439,0.004435,0.002116,0.001021,0,0,0,0.001185,0,0,0,0,0,0,0,0,0.000827,0,0,0,0,0.000124,0,0,0,0,0,0,0,0,0,0,0,0,0,0,0
Liechtenstein,0.005089,0.003857,0,0,0,0,0,0,0,0,0,0.001855,0,0,0.000458,0,0,0.002266,0.010979,0.005221,0,0,0.000181,0,0.000084,0,0,0,0.003669,0,0,0.003154,0.000814,0,0,0,0.000393,0,0.000034,0.000186,0
Lituania,0.000087,0.003431,0.000437,0.000671,0.001288,0,0,0.003487,0.000288,0.000567,0.000311,0.001149,0.000435,0.000213,0,0.000457,0.000082,0.000205,0.001165,0.000326,0.000286,0.000314,0.000952,0.000162,0.000312,0.000991,0.001188,0.000735,0.000854,0.000798,0.000709,0.000478,0.001012,0.001523,0.004107,0.001696,0.00182,0.00268,0.001553,0.0026,0.004115
Luxemburgo,0.014286,0.016981,0.011106,0.025678,0.033325,0.032212,0.018183,0.01322,0.117783,0.00743,0.0057,0.004229,0.008326,0.00303,0.002433,0.005103,0.002636,0.006579,0.009207,0.007091,0.008465,0.007366,0.006976,0.006376,0.011653,0.007066,0.008649,0.007565,0.006772,0.005049,0.00854,0.005952,0.00472,0.007385,0.009323,0.007885,0.022607,0.012576,0.011163,0.015624,0.010947
Macao,0,0,0.000051,0,0.000153,0.001176,0,0.000646,0.001008,0.000066,0,0,0,0,0,0,0,0,0,0,0,0,0,0.002225,0.001325,0,0.001798,0,0,0,0.003839,0.003366,0,0,0,0,0,0,0,0,0
Macedonia,0.00284,0.007208,0.014052,0.022039,0.001054,0.000525,0.000877,0,0.02238,0.000108,0.002787,0.004034,0.001472,0.004732,0.005518,0.005216,0.008355,0.002356,0.004787,0.007987,0.002459,0.002783,0.002898,0,0.000799,0.003257,0.006538,0.007994,0,0.000181,0.002445,0.000528,0.001412,0.001885,0.000587,0.000323,0.000927,0.000876,0.002354,0.001065,0.001443
Madagascar,0,0,0,0,0,0,0,0,0,0,0,0,0,0,0,0,0,0,0,0,0,0,0.001978,0.000032,0,0,0,0,0,0,0.000008,0,0,0,0,0,0,0,0,0.000024,0.000226
Malasia,0.012631,0.021459,0.023778,0.012779,0.006242,0.007623,0.017233,0.023039,0.00968,0.008921,0.005049,0.005607,0.003506,0.003319,0.003488,0.006421,0.009479,0.004926,0.004689,0.008822,0.006349,0.006192,0.014451,0.007775,0.00231,0.002668,0.004745,0.009131,0.004187,0.000682,0.002105,0.001242,0.001754,0.001315,0.002472,0.005115,0.001933,0.007653,0.005279,0.004326,0.002426
Malawi,0,0,0,0,0,0,0,0.003923,0,0,0,0,0,0,0,0,0,0,0,0,0,0,0,0,0,0,0,0,0,0.000389,0.000654,0.000442,0,0,0,0.00001,0.000064,0,0,0,0.000025
Maldivas,0.007227,0,0,0,0,0,0,0,0,0,0,0,0,0,0,0,0.001963,0,0,0.00039,0.003037,0.001246,0.001016,0.002373,0.001003,0.000533,0.000681,0.002134,0.003125,0,0,0.000731,0.001854,0.00132,0,0.002562,0.002003,0.001152,0,0.000224,0
Malí,0.010396,0.016758,0.011725,0.012202,0.011878,0.006263,0.004561,0.006096,0.022072,0.001028,0.001443,0.000626,0.002937,0.002276,0.002342,0.002063,0.001156,0.001738,0.002122,0.001935,0.000715,0.000739,0.000858,0.000947,0.001462,0.001805,0.001354,0.00317,0.008035,0.000359,0.001212,0.00264,0.008561,0.000088,0.015148,0.029285,0.000087,0.005687,0.007814,0.009237,0.020493
Malta,0.000102,0,0,0.002002,0.001851,0.005481,0.004802,0.004762,0.004227,0.003072,0.005246,0.002377,0.003234,0.00239,0.001544,0.00505,0.00597,0.00608,0.002528,0.005591,0.011013,0.001292,0.000473,0.000665,0,0.001692,0.000791,0.000703,0.0002,0,0,0,0,0,0.000405,0,0,0.000256,0.000923,0.000168,0
Marianas del Norte,0,0,0,0,0,0,0,0,0,0,0,0,0,0,0,0,0,0,0,0,0,0,0,0,0,0,0,0,0,0,0,0,0,0,0,0,0,0,0,0,0
Marruecos,0,0,0,0,0,0,0,0,0.001023,0,0,0,0.002235,0.000082,0.000262,0.000657,0.000614,0,0.00005,0,0.000864,0.000303,0,0.002022,0.000648,0.000771,0.002508,0.002928,0.005416,0.004257,0.010902,0.006271,0.008736,0.010288,0.018076,0.013002,0.013609,0.007024,0.008627,0.004719,0.006573
Martinica,0,0,0,0,0,0,0,0,0,0,0,0,0,0,0,0,0,0,0,0,0.000026,0,0.00013,0.000124,0.000069,0.000107,0.002954,0.002693,0.00171,0.001668,0.001688,0.00082,0.000953,0.004975,0.015333,0.007991,0.005271,0.003921,0.00591,0.00768,0.011516
Mauricio,0.000123,0.001197,0.001312,0.000996,0.000983,0.003097,0.003419,0.003425,0.007507,0.000148,0.000463,0,0.000461,0.000717,0.002361,0.000773,0.00014,0.002097,0.000811,0.000795,0.001383,0.000309,0.000233,0.002199,0.000702,0.007172,0.001353,0.001457,0.00032,0.000214,0.00016,0.000046,0,0.000067,0.001032,0.000105,0,0.000012,0.000132,0.000046,0
Mauritania,0,0,0,0,0,0,0,0,0,0,0,0,0,0,0,0,0,0,0,0,0,0,0.000191,0.00018,0.000037,0.000183,0,0,0,0,0,0,0,0,0,0,0,0,0,0,0.000554
Moldavia,0.000234,0.001144,0,0,0,0.00015,0.008387,0.000517,0.041136,0.000006,0.000129,0.000873,0.000368,0.00068,0.000893,0.000733,0.000045,0.000741,0.000913,0.000731,0.00013,0.000219,0.000313,0.001906,0.000784,0.000535,0.00039,0.001325,0.002099,0.000195,0.000862,0.00098,0.004786,0.000387,0.00275,0.000972,0.000013,0.000727,0.0009,0.002199,0.001283
Mónaco,0,0,0,0,0,0,0,0.000234,0,0.000265,0,0,0,0,0,0,0,0,0,0,0,0,0,0,0,0,0,0,0,0,0,0,0,0,0,0,0,0,0,0,0
Mongolia,0,0.000115,0.001955,0,0.003932,0.00044,0.001775,0.00092,0.00017,0.001476,0.000038,0.000895,0.000295,0.000034,0.000035,0.000036,0.000068,0.000056,0.000035,0.00128,0.000353,0.001097,0.000864,0.00076,0.000049,0.00021,0.000434,0.000954,0.000859,0.000201,0.000272,0.000416,0.00146,0.007186,0.002848,0.000218,0.002628,0.001147,0.007663,0.002135,0.002021
Montenegro,0,0,0,0,0,0,0,0,0,0,0.000162,0,0,0,0,0,0,0.000101,0.00088,0.00124,0,0.001598,0.00112,0.00064,0.001678,0.002031,0.004271,0.0008,0.001191,0.000485,0.002284,0.000531,0,0.00065,0.000236,0.00018,0.000598,0.00564,0.006095,0,0.000264
Montserrat,0.00014,0,0,0,0,0,0,0,0,0,0,0,0,0.000152,0,0,0,0,0,0,0,0,0,0,0.000043,0,0,0,0,0.001091,0,0,0,0.000111,0.000104,0.000026,0.000025,0,0,0,0
Mozambique,0.00281,0.001091,0.001154,0.001064,0.002836,0.002495,0.014738,0.009924,0.012772,0.001848,0.001799,0.002777,0.001469,0.003703,0.001274,0.00153,0.000683,0.001891,0.000529,0.006341,0.000349,0.000663,0.000364,0.00101,0.001875,0.002619,0.001516,0.004987,0.000816,0.001062,0.000069,0.001772,0.002385,0.000567,0.003466,0.006249,0.004244,0.007632,0.005253,0.008317,0.005024
"Myanmar, Birmania",0,0,0,0,0,0,0,0,0,0,0,0,0,0,0,0,0,0,0,0,0,0.00277,0,0.000644,0.003073,0,0.000311,0.000982,0.001358,0.001203,0.003731,0.003035,0,0,0,0,0,0,0,0,0
Namibia,0,0.001167,0,0.000496,0,0.001138,0.001135,0.000358,0.002379,0,0.00004,0.001188,0.00377,0.001809,0.002869,0,0,0.000003,0,0.00004,0,0,0.000081,0,0.001323,0.000076,0.000132,0.001195,0.000145,0,0.000063,0.000483,0,0,0,0,0.000119,0.000168,0.000531,0.004869,0.00025
Nepal,0,0,0,0,0,0,0,0,0,0,0,0,0,0,0,0,0.000212,0,0,0,0,0,0,0,0,0,0,0,0,0,0,0,0,0,0,0,0,0,0,0,0
Nicaragua,0.395312,0.572686,0.464075,0.39801,0.500092,0.380104,0.325888,0.244188,0.433232,1.396726,1.414512,1.526124,1.325446,1.786848,1.832905,1.328114,1.216787,1.240262,1.407463,1.632511,1.558605,1.453962,4.444094,5.641409,2.119096,2.328183,2.214147,2.880188,3.388539,1.635943,1.772085,2.637151,2.850352,4.40876,7.852172,9.914202,15.750473,25.576883,15.939708,34.244536,5.169367
Niger,0,0,0,0,0,0.001067,0,0.001195,0,0,0,0,0.000484,0.000006,0.000874,0.000007,0.000075,0.000034,0.000006,0.000007,0,0,0.000136,0,0,0.000099,0.000043,0,0,0,0.000006,0.001153,0,0,0,0,0,0,0,0,0.000141
Nigeria,0.000774,0,0.00164,0,0,0,0,0.007041,0.023543,0.008175,0.023991,0.032013,0.004809,0.006319,0.006952,0.009044,0.003745,0.00781,0.015991,0.011684,0.006689,0.010491,0.011228,0.007614,0.004082,0.003777,0.012532,0.004774,0.005606,0.002478,0,0,0,0,0.000009,0,0,0,0,0,0
Niue,0,0,0,0,0,0,0,0,0,0,0,0,0,0,0,0,0,0,0,0,0,0,0,0,0,0,0,0,0,0,0,0,0,0,0,0,0,0,0,0,0
Noruega,0.063426,0.056356,0.05126,0.046119,0.029269,0.023721,0.052445,0.018851,0.056681,0.013776,0.019046,0.018058,0.017427,0.029319,0.030534,0.025861,0.0298,0.024152,0.025156,0.026185,0.022839,0.018477,0.024058,0.02388,0.023483,0.024901,0.029573,0.022819,0.022214,0.029277,0.027474,0.0346,0.035897,0.034007,0.055799,0.040922,0.039956,0.055052,0.050607,0.078767,0.075036
Nueva Caledonia,0.001837,0,0,0,0,0,0,0,0,0,0,0.000359,0,0,0,0,0,0,0,0,0,0,0,0,0,0,0,0,0,0,0,0,0,0,0,0,0,0,0,0,0
Nueva Zelanda,0.016622,0.026686,0.015339,0.009685,0.018702,0.022601,0.021623,0.02828,0.059603,0.010063,0.019095,0.012366,0.00838,0.009452,0.015565,0.012806,0.013063,0.00868,0.022619,0.027021,0.035585,0.029616,0.019203,0.043241,0.017109,0.008617,0.011639,0.012975,0.011922,0.010935,0.088701,0.019625,0.019533,0.024104,0.031331,0.046593,0.030719,0.041393,0.030855,0.044162,0.051057
Omán,0.003474,0.013831,0.003279,0.012498,0.03146,0.04296,0.040473,0.024705,0.061611,0.023242,0.0339,0.031276,0.011506,0.02146,0.011506,0.016815,0.00998,0.004079,0.006726,0.009472,0.010666,0.014389,0.020569,0.019986,0.018485,0.020456,0.02973,0.029486,0.023728,0.017217,0.02104,0.020351,0.02365,0.016168,0.010954,0.018575,0.018014,0.026165,0.022121,0.022753,0.02161
Países Bajos,0.194028,0.30193,0.227025,0.258386,0.196732,0.256076,0.176463,0.186688,0.372899,1.076543,0.936277,1.071967,0.795785,1.089714,0.93717,0.923165,0.89165,1.263418,1.322194,1.499212,2.051912,1.394488,1.938257,2.450533,1.984251,1.600031,1.798563,2.139741,1.862212,1.752989,1.84743,1.884142,1.79411,1.98074,2.001688,2.238275,1.710498,1.703353,1.038486,1.201892,1.12816
Pakistán,0.003964,0.006453,0.014312,0.012612,0.030296,0.024371,0.019603,0.018223,0.071066,0.032133,0.019053,0.014022,0.031566,0.026233,0.032696,0.02988,0.02096,0.020392,0.022896,0.017579,0.013608,0.015466,0.013636,0.009214,0.004212,0.006323,0.005512,0.005326,0.004271,0.006867,0.002954,0.002812,0.003809,0.020051,0.023672,0.023385,0.017185,0.021616,0.016582,0.043489,0.015984
Palaos,0,0,0,0,0,0,0,0,0,0,0,0,0,0,0,0,0,0,0,0,0,0,0,0,0,0.00019,0,0,0,0,0,0,0,0.000296,0,0,0,0,0,0,0
Palestina,0.000989,0.00336,0.000871,0.002624,0.002765,0.005211,0.000249,0.000616,0.004002,0.001171,0.000196,0,0.00203,0.000213,0.009847,0.007225,0.006973,0.013119,0.004925,0.006714,0.013765,0.005822,0.003707,0.001851,0.002623,0.003314,0.011686,0.001753,0.005414,0.001562,0.002675,0.001285,0.00081,0.000516,0.003526,0.003379,0.000606,0.000365,0.000112,0.001532,0.000729
Panamá,1.023804,1.10933,0.951065,0.746902,0.682918,0.72737,0.659774,0.59293,1.395589,4.175816,4.592867,4.932203,5.000749,5.426482,4.972596,5.151975,5.364583,5.767662,7.198236,7.82563,7.005808,7.084044,8.153347,8.725405,9.109107,9.506119,9.676787,10.130105,8.627558,5.130199,6.666904,8.195696,7.622926,9.152673,11.28085,12.847699,10.802312,13.032192,7.216791,7.430027,5.784705
Papúa-Nueva Guinea,0.000157,0,0,0.000467,0,0,0,0.000082,0,0,0.000038,0,0.000031,0.000023,0,0,0.000452,0.001101,0.001183,0.003703,0.003315,0.002959,0.001585,0.001806,0.002901,0.002249,0.000521,0.000958,0.001614,0.000035,0.003079,0,0.000121,0.001387,0,0,0,0,0,0,0
Paraguay,0.139074,0.181248,0.219836,0.210901,0.152258,0.15763,0.1594,0.09878,0.32125,0.063002,0.051103,0.076842,0.04393,0.039787,0.050376,0.047263,0.066918,0.069312,0.070786,0.080346,0.080992,0.092655,0.071959,0.094319,0.078144,0.079919,0.069169,0.064414,0.065376,0.059453,0.081426,0.074316,0.065709,0.065771,0.074535,0.06715,0.067886,0.056671,0.072836,0.079386,0.084081
Perú,0.997524,1.153201,1.096653,1.052877,0.881572,0.932676,0.986673,1.101549,2.603631,3.508135,3.743847,4.009447,3.4568,4.249593,3.906008,4.321725,4.135947,4.934201,5.388446,6.662704,6.704098,5.989488,8.450811,9.41705,9.400404,9.872049,10.745573,11.744958,9.684583,6.483849,10.641772,12.563534,12.852052,14.731767,18.756351,21.501856,20.571202,33.392164,22.000269,22.184377,17.216865
Polinesia Francesa,0.002926,0.001259,0,0,0,0,0,0.000999,0,0.000204,0,0,0,0,0.000565,0,0,0,0,0.001316,0.007911,0.00129,0,0,0,0,0,0,0,0,0,0,0,0,0,0,0,0,0,0,0
Polonia,0.025626,0.053598,0.02476,0.004596,0.010577,0.004734,0.003224,0.006652,0.005789,0.002087,0.008586,0.016513,0.015438,0.025874,0.018579,0.021969,0.016133,0.024025,0.034262,0.035627,0.030807,0.045065,0.028049,0.012272,0.019257,0.01095,0.011456,0.010294,0.009808,0.013691,0.02227,0.021742,0.01374,0.017035,0.02972,0.040725,0.022041,0.023196,0.03387,0.034337,0.0386
Portugal,0.179285,0.48983,0.291474,0.121742,0.354755,0.150929,0.095775,0.129913,0.459862,0.057609,0.064705,0.076286,0.064141,0.030899,0.041041,0.028545,0.038321,0.025398,0.051673,0.052758,0.052716,0.095051,0.046598,0.066851,0.046889,0.044792,0.059454,0.053576,0.047995,0.041688,0.03786,0.056041,0.03922,0.072906,0.065825,0.065072,0.067314,0.129359,0.074936,0.093791,0.127209
Qatar,0.030383,0.038513,0.042022,0.083337,0.056309,0.0653,0.066474,0.041833,0.054158,0.014579,0.018417,0.026883,0.042492,0.052519,0.093446,0.079912,0.100933,0.072657,0.056212,0.049901,0.036787,0.046237,0.05163,0.043735,0.045876,0.029472,0.0356,0.046089,0.029452,0.027043,0.021204,0.030417,0.035319,0.044176,0.027365,0.025639,0.037629,0.034561,0.056114,0.05687,0.06131
Reino de Lesoto,0,0,0,0,0,0,0,0,0,0,0.000219,0.00011,0.000185,0.000081,0.000222,0.000089,0.000094,0.00009,0.00015,0,0.000698,0.000185,0,0.000029,0.000171,0.000098,0.000426,0,0,0,0,0,0,0,0,0,0,0,0,0,0
Reino Unido,1.025622,1.713276,1.087994,1.331818,1.404973,1.579674,1.245008,1.997297,3.331623,3.850412,4.85709,4.448562,3.797891,3.702152,3.601766,3.88161,3.623051,20.748535,45.130007,31.074176,38.775299,52.371051,57.047716,32.928083,32.940334,38.071987,35.368021,34.197008,27.178613,31.560971,34.188564,31.01685,28.305285,32.869133,28.712195,35.370862,37.708066,37.315932,32.372177,27.085245,24.869195
República Centroafricana,0,0,0,0,0,0,0,0,0,0,0,0,0,0,0,0,0.000007,0,0,0,0,0,0,0,0,0,0,0,0,0,0,0,0,0,0,0,0,0,0,0,0
República Checa,0.014764,0.016412,0.019363,0.005425,0.019286,0.008149,0.002828,0.028696,0.019585,0.005489,0.009388,0.023663,0.000306,0.006608,0.002697,0.00358,0.001619,0.003728,0.008017,0.005033,0.00516,0.011487,0.011652,0.00848,0.008578,0.015495,0.015683,0.012887,0.009438,0.007133,0.007748,0.009625,0.011883,0.039515,0.010344,0.004277,0.017525,0.007067,0.007993,0.004811,0.008212
República de Abjasia,0,0,0,0,0.000146,0.000729,0,0.00042,0.001644,0.000429,0.000428,0,0.000626,0.000645,0.002631,0.003197,0.002856,0.001823,0.000747,0.001299,0.00481,0.000354,0.001393,0.000242,0.004076,0,0.000438,0.002177,0.000097,0,0.000512,0.001861,0,0,0.001027,0.001814,0.000531,0.006127,0.005887,0.017102,0.013734
República del Congo,0.009144,0.017432,0.016811,0.010063,0.020573,0.02113,0.028999,0.03106,0.029955,0.026182,0.002123,0.00397,0.005859,0.008035,0.013184,0.010277,0.009863,0.015234,0.017428,0.016051,0.012321,0.003994,0.0044,0.006549,0.007349,0.005426,0.0085,0.009262,0.019605,0.004144,0.006342,0.019835,0.01671,0.010498,0.012598,0.004163,0.017347,0.006369,0.01931,0.013544,0.014217
República Democrática del Congo,0,0,0,0,0,0,0,0,0.003868,0.004481,0.01945,0.00609,0.003915,0.004929,0.002566,0.00887,0.007723,0.008249,0.002905,0.003121,0.008768,0.012847,0.012644,0.035737,0.024971,0.056347,0.062618,0.077755,0.06939,0.030035,0.033007,0.031072,0.03946,0.034932,0.054897,0.069833,0.077115,0.10596,0.098016,0.096802,0.30539
República Dominicana,0.465911,0.494957,0.431861,0.335471,0.2868,0.294368,0.330176,0.25264,0.520257,7.045301,6.379569,5.257061,5.385274,4.737619,3.248063,3.269196,3.986322,3.795788,4.097132,5.312088,5.524407,4.528779,5.807287,5.675878,4.634382,4.900892,5.605475,5.779289,5.090637,3.044935,4.007335,6.051159,7.843666,7.646611,10.712066,13.616134,10.082,13.921074,9.412835,26.964369,19.018564
República Guinea,0.018261,0.003943,0.001403,0.004783,0.003942,0.019961,0.007953,0.007115,0.012782,0,0.002544,0,0,0,0,0,0,0,0,0,0,0.001967,0.005743,0.003156,0.003895,0.012892,0.008253,0.018495,0.003374,0.000681,0.002861,0.015291,0.009287,0.005143,0.004305,0.002674,0.000115,0.003771,0.010209,0.041758,0.043824
Reunión,0,0,0,0,0,0,0,0,0,0,0,0,0,0,0,0,0.00039,0,0,0,0,0,0.000054,0.000375,0.00007,0,0.000059,0,0.000036,0.00025,0.000134,0.000745,0.000836,0.00079,0,0.001275,0.000076,0.000106,0.000124,0.000562,0.000513
Ruanda,0.000745,0,0,0,0,0,0,0,0,0.001713,0.001963,0,0.000022,0.000491,0,0,0.001426,0,0,0,0.000311,0.000569,0.000306,0.000648,0,0.001054,0,0.00068,0.000065,0,0.000697,0,0,0,0.00299,0,0.0001,0,0,0.000781,0.002754
Rumanía,0.095185,0.054632,0.066239,0.029753,0.032769,0.045927,0.032414,0.042296,0.078687,0.016439,0.011893,0.011743,0.005977,0.015929,0.023963,0.025765,0.019019,0.018563,0.025156,0.020876,0.019622,0.024177,0.019639,0.025673,0.031211,0.037564,0.02123,0.025403,0.016289,0.025599,0.020909,0.043035,0.044015,0.046771,0.037546,0.033764,0.033935,0.047807,0.030712,0.029177,0.025566
Samoa,0.000117,0,0.000277,0.001297,0,0.000953,0.000918,0.000199,0.000196,0,0.001892,0,0,0.00096,0.000817,0.000337,0.00014,0,0.001074,0.000151,0,0,0.000241,0.000774,0.001637,0.008559,0.012748,0.003857,0,0.00002,0.000345,0,0.000259,0,0.000171,0,0.000167,0,0,0,0
San Cristobal y Nevis,0.002154,0.005027,0.005034,0.004811,0.001231,0.001944,0.005646,0.001636,0.015343,0.004951,0.003522,0.006609,0.007912,0.012655,0.013251,0.013644,0.05742,0.04211,0.013068,0.013308,0.006734,0.005339,0.011919,0.018317,0.009065,0.00142,0.003914,0.008918,0.009504,0.004401,0.009768,0.005146,0.002988,0.004236,0.005539,0.003739,0.005085,0.009684,0.02373,0.022323,0.029167
San Marino,0,0,0,0,0,0,0,0,0,0,0,0,0,0,0,0,0,0,0,0,0,0,0,0,0,0,0,0,0,0,0,0,0,0,0,0,0,0,0,0,0
San Vincente y Granadinas,0.002174,0.00283,0.004001,0.001148,0.002705,0.004604,0.002282,0.004383,0.013967,0.001906,0.002312,0.002557,0.003011,0.002632,0.002658,0.003511,0.002113,0.002724,0.003432,0.002468,0.002587,0.002119,0.002853,0.000921,0.000542,0.002444,0.000986,0.000799,0.001921,0.000066,0.000161,0.000414,0.000155,0.00007,0.000308,0.000374,0.000059,0.000561,0.000672,0.000453,0.001067
Santa Lucía,0.002949,0.001013,0.000156,0.000053,0.001151,0.001351,0,0.001282,0.001294,0,0,0.000147,0.000641,0.001618,0.002011,0.002731,0.003758,0.001871,0.005945,0.004308,0.00369,0.001457,0.000569,0.00114,0.00098,0.001139,0.001614,0.003724,0.001106,0.001627,0.000088,0.000289,0.000091,0.000216,0.000234,0.004287,0.001893,0.002214,0.000575,0.000398,0.000304
Santo Tomé y Príncipe,0,0,0,0,0,0.000368,0.001209,0.0015,0.002274,0.000598,0,0,0,0,0,0,0,0,0,0,0,0,0,0,0,0,0,0,0,0,0,0,0,0.000593,0,0,0,0,0,0,0
Senegal,0.003042,0.00132,0.00146,0.00104,0.001184,0,0.000847,0.00795,0.009677,0.000694,0.000204,0.001025,0.00516,0.003105,0.00358,0.00294,0.004291,0.005633,0.002973,0.00567,0.000727,0.003035,0.005774,0.004121,0.011566,0.007359,0.00567,0.008307,0.083555,0.004004,0.008061,0.007488,0.007273,0.016177,0.0076,0.010194,0.052754,0.023986,0.022793,0.091823,0.184604
Serbia,0.001853,0.003433,0.003373,0.00602,0.006756,0.006325,0.007363,0.002919,0.00567,0.002277,0.003013,0.002261,0.003015,0.002414,0.001519,0.002006,0.007583,0.008171,0.004067,0.007151,0.010217,0.00763,0.009234,0.015475,0.008977,0.007864,0.006018,0.015655,0.015399,0.013488,0.012608,0.015631,0.011889,0.010027,0.0078,0.008809,0.009549,0.007719,0.014418,0.01773,0.009173
Sierra Leona,0.000298,0,0.000934,0.003535,0.002161,0,0,0,0.00201,0,0,0,0.000967,0.000771,0.000203,0.000212,0.001404,0.000931,0.000816,0.000233,0.001719,0.000252,0.000262,0,0.002218,0.000516,0.001184,0.001892,0.000537,0.002871,0.001696,0.000932,0.000358,0.000713,0,0.000908,0.004896,0.000407,0.008102,0.008672,0.00086
Singapur,0.019121,0.045209,0.015673,0.007368,0.01953,0.046569,0.069422,0.127382,0.094391,0.056202,0.049368,0.100726,0.040269,0.041615,0.051115,0.067462,0.062286,0.059836,0.066129,0.067675,0.06342,0.073269,0.044701,0.004133,0.011634,0.002775,0.00362,0.005053,0.003298,0.002863,0.003023,0.002897,0.002677,0.012365,0.012267,0.013658,0.00586,0.004753,0.00614,0.007817,0.004893
Siria,0.000937,0.001615,0.000079,0,0.000468,0.004385,0,0,0.000286,0,0.001898,0.00095,0.000949,0.001442,0.000573,0,0.000483,0.000947,0.002461,0,0,0,0,0,0,0,0,0,0,0.000352,0.000379,0,0.000379,0,0.00035,0,0,0,0,0,0
Sri Lanka,0,0,0,0,0,0,0,0,0,0,0,0,0,0,0,0,0,0,0,0,0,0,0,0,0,0,0,0,0,0,0,0,0,0,0,0,0,0,0,0,0
Sudáfrica,0.037749,0.018669,0.018261,0.026709,0.031178,0.020704,0.020498,0.023376,0.083106,0.008506,0.006314,0.009126,0.01033,0.02387,0.021764,0.014032,0.011588,0.015833,0.015168,0.011295,0.018712,0.019413,0.011038,0.010161,0.010625,0.013439,0.029656,0.018752,0.014742,0.013707,0.018035,0.010749,0.01162,0.012362,0.014083,0.016249,0.015321,0.022923,0.0224,0.017657,0.019148
Sudán,0,0,0,0,0,0,0,0,0,0,0,0,0,0.000298,0.000307,0.000321,0,0,0.000305,0.00032,0.000998,0.000295,0.004355,0.000229,0.003121,0.00165,0.006717,0.007923,0.006199,0.001715,0.005329,0.005025,0.003844,0.003039,0.001422,0.00061,0.00033,0.000581,0.007974,0.021101,0.007736
Suecia,0.097378,0.076133,0.084521,0.174265,0.103785,0.080539,0.060782,0.055865,0.067541,0.019635,0.029425,0.019082,0.018064,0.038803,0.027877,0.034506,0.029086,0.025345,0.039117,0.036317,0.037088,0.042294,0.04295,0.044578,0.048171,0.032962,0.063551,0.053075,0.053772,0.04844,0.08431,0.084242,0.068277,0.085411,0.095092,0.111732,0.12309,0.13942,0.134054,0.150022,0.198833
Suiza,0.455146,0.448899,0.403743,0.412847,0.291054,0.354736,0.294008,0.261431,0.685834,1.802003,1.751775,1.908528,1.689558,1.708555,1.615763,1.633962,1.553221,2.024816,2.103377,2.884482,1.988797,2.331409,2.452753,2.368193,2.4024,2.53906,2.584633,2.713144,2.759483,2.954558,3.238523,4.066009,4.183501,4.020693,4.41418,4.769379,4.490564,4.170381,2.332298,2.594817,2.449962
Surinam,0.004244,0.006022,0.002951,0,0.007184,0.000394,0.001066,0.003795,0.000992,0.002492,0.000271,0.001177,0.007006,0.003941,0.006558,0.025524,0.006397,0.015101,0.007078,0.005854,0.009579,0.007317,0.021196,0.030956,0.014172,0.008503,0.020924,0.028235,0.027304,0.025935,0.022976,0.026432,0.022546,0.01858,0.019142,0.029004,0.011462,0.028614,0.02264,0.01912,0.018556
Swazilandia,0,0.002637,0.005613,0,0,0,0,0,0,0,0,0,0,0,0,0,0,0,0,0,0,0,0,0,0,0,0,0,0,0,0,0,0,0,0,0,0,0,0,0,0
Tailandia,0.011071,0.009777,0.04274,0.06271,0.058195,0.052524,0.05613,0.136352,0.290857,0.073533,0.029765,0.016193,0.033164,0.013502,0.025006,0.031586,0.023121,0.014638,0.014575,0.027497,0.007069,0.017831,0.009285,0.01704,0.006533,0.012692,0.008751,0.013553,0.00222,0.005395,0.006236,0.005764,0.010944,0.017453,0.018766,0.0212,0.020481,0.018472,0.021595,0.028402,0.01234
Taiwan,0.010322,0.006974,0.006427,0.007766,0.002083,0.010548,0.002632,0.003622,0.004327,0.002002,0.000762,0.001633,0.001958,0.001419,0.002708,0.00178,0.00163,0.013407,0.003699,0.002549,0.003308,0.001747,0.000184,0,0.000162,0,0,0,0,0,0,0,0,0.000034,0,0.001642,0,0.003889,0,0,0.000008
Tanzania,0.000525,0.001635,0.001962,0.000466,0.000426,0.000181,0.001006,0.002692,0.030008,0.000245,0.00006,0.000097,0.002394,0,0,0.001918,0.005754,0.009712,0.003572,0.002401,0,0.000136,0.001959,0.003711,0.002561,0.002628,0.002382,0.001308,0.000869,0.001069,0.002892,0.000899,0.001295,0.00231,0,0.001981,0.000155,0.003097,0.004483,0.013161,0.007974
Tayikistán,0,0.000124,0,0.000734,0.000375,0.000231,0.000229,0.000385,0.001035,0.000466,0.000561,0,0.000217,0.000472,0.000726,0.000544,0,0,0.000178,0.00051,0.000023,0.000024,0.000584,0,0,0,0,0.001251,0,0,0,0,0,0,0,0,0,0.001853,0.00106,0.002647,0.001101
Timor Oriental,0,0,0,0,0,0,0,0,0,0,0.000221,0,0,0,0,0,0.000178,0.000056,0,0,0,0,0,0,0,0,0,0,0,0,0.000709,0,0,0,0.000145,0,0,0.00016,0,0,0
Togo,0.000184,0.000475,0.016061,0.013653,0.005264,0.014698,0.003719,0.002713,0.046492,0.001863,0.001154,0.002352,0.003057,0.004048,0.00277,0.004445,0.003191,0.002152,0.003196,0.004955,0.005218,0.001144,0.001005,0.000161,0.00062,0.005249,0.001724,0.007156,0.002312,0.00077,0.001839,0.001197,0.005625,0.0064,0.005378,0.022395,0.01394,0.006085,0.014672,0.004905,0.009748
Trinidad y Tobago,0.011666,0.024502,0.012497,0.023221,0.036376,0.073155,0.048906,0.044701,0.096319,0.019587,0.025284,0.02459,0.015617,0.02117,0.030179,0.036195,0.03336,0.012171,0.012577,0.019024,0.011789,0.013156,0.005417,0.008944,0.004231,0.008352,0.01326,0.009683,0.009325,0.007463,0.053772,0.060341,0.309108,0.185666,0.011041,0.013028,0.012985,0.011538,0.017043,0.018447,0.013398
Túnez,0.000235,0.00006,0,0,0,0,0,0.000122,0,0,0.0001,0.000195,0.000221,0.001455,0,0.00223,0,0,0.000742,0,0,0,0,0,0,0,0,0,0,0,0,0,0,0,0,0,0,0,0,0,0
Turkmenistán,0,0,0,0,0,0,0,0,0,0,0,0,0,0,0,0,0,0,0,0,0,0,0,0.000301,0.00015,0.000599,0.000398,0,0.00047,0.000186,0.000182,0,0,0,0,0,0,0,0,0,0
Turquía,0.025578,0.043818,0.102228,0.10583,0.159719,0.107123,0.109377,0.056102,0.058494,0.03091,0.050825,0.035995,0.044937,0.048875,0.04917,0.052231,0.037066,0.056594,0.080251,0.090286,0.070524,0.057271,0.061194,0.048153,0.060932,0.043714,0.049368,0.065859,0.092045,0.054299,0.039036,0.046934,0.07554,0.060001,0.072975,0.065067,0.069397,0.076566,0.082793,0.084076,0.09256
Tuvalu,0,0,0,0,0,0,0,0,0,0,0,0,0,0,0,0,0,0,0,0,0,0,0,0,0,0,0,0,0,0,0,0,0,0,0,0,0,0,0,0,0
Ucrania,0.025234,0.035528,0.016563,0.038293,0.018181,0.020771,0.02321,0.024965,0.04131,0.017428,0.014921,0.006505,0.013363,0.010003,0.01108,0.015967,0.013798,0.022211,0.026667,0.015782,0.017772,0.009651,0.015269,0.024208,0.036757,0.02092,0.0326,0.031249,0.047018,0.050311,0.041191,0.055777,0.053959,0.071821,0.033109,0.028229,0.031694,0,0.000738,0,0
Uganda,0.000047,0.001643,0.002089,0.000577,0.000314,0.001395,0.000035,0.000491,0.002164,0.002197,0.00226,0.000547,0.000852,0.000736,0.001776,0,0.001194,0.001091,0.002911,0.003338,0.000168,0.000134,0.00327,0.00759,0.001125,0,0,0.00133,0.00164,0.000117,0,0.003773,0.001023,0.004434,0.001518,0.001319,0.000663,0.000299,0.001791,0.001535,0.000479
Uruguay,0.257623,0.236737,0.238168,0.179441,0.174638,0.149942,0.143479,0.126538,0.279786,1.976389,1.763618,1.582278,1.350942,1.496787,1.233741,1.751141,1.725421,1.917936,2.284285,2.194386,1.876065,2.37769,2.602701,3.06582,2.562238,2.625893,2.309033,2.52031,2.560884,2.520521,2.944458,2.948098,2.980927,4.364199,4.862575,5.074064,3.156022,3.605362,1.637386,1.920464,1.686452
Uzbekistán,0.01113,0.001261,0,0,0.000281,0.000276,0.003898,0.000146,0.001012,0.00004,0.003186,0.00041,0.000023,0,0.000269,0,0.000104,0.000683,0,0.0089,0.001531,0.004882,0.002165,0.013813,0.000035,0.000663,0.000706,0.002334,0.003669,0.008198,0.004246,0.00273,0.002821,0.003852,0.008823,0.026542,0.010054,0.025797,0.023441,0.019996,0.01079
Vanuatu,0,0,0,0,0,0,0,0,0,0,0,0.000327,0.000214,0,0,0.000626,0,0,0.004428,0.001288,0,0,0,0,0,0,0,0,0,0,0,0,0,0,0,0,0,0,0,0,0
Venezuela,0.331422,0.451244,0.477276,0.558954,0.206608,0.134516,0.204198,0.259463,0.736179,0.156353,0.146489,0.056718,0.008647,0.024455,0.026664,0.032237,0.008915,0.005976,0.021507,0.020347,0.003568,0.004576,0.00077,0.000104,0.000722,0.00084,0.001543,0.004285,0.002456,0.001113,0.001228,0.003265,0.001058,0.004048,0.009664,0.020759,0.012956,0.026325,0.140693,0.132456,0.074889
Vietnam,0,0,0,0.000594,0.000919,0,0,0.002287,0.002876,0,0,0,0,0.000791,0.000303,0.000263,0.00074,0.000056,0.000884,0.001181,0.001255,0.000487,0.001416,0.006348,0.001264,0.00106,0.00057,0.000384,0.000734,0.000783,0,0,0.00045,0.000297,0.000458,0.001383,0.000705,0,0,0.000369,0.001502
Yemen,0.001101,0.005625,0.000468,0.001708,0.004118,0.002676,0.002457,0.001851,0.004555,0,0,0.000904,0.000807,0.000102,0,0.000344,0,0,0.00499,0.011878,0.003891,0.009717,0.002414,0.00149,0.005167,0.001167,0,0.001015,0.000715,0,0,0.003753,0.006473,0.006996,0,0.001235,0,0.002404,0.003297,0,0
Zambia,0.002049,0.002684,0.000219,0.000159,0.000547,0.000732,0,0,0,0.000509,0.000381,0.000766,0.000507,0.000861,0.000196,0.000197,0.004717,0.001886,0.000191,0,0,0.000821,0,0.000096,0,0,0,0.000216,0.000356,0,0,0,0,0.001526,0.000161,0,0,0.000532,0,0.000138,0.000249
Zimbabwe,0,0,0,0,0,0,0,0,0,0,0,0,0,0.000198,0.000557,0.00006,0,0,0.000098,0.000188,0,0.004559,0,0,0,0.000319,0,0,0,0,0,0,0,0,0.000139,0,0.000329,0,0,0,0.001101
No Identificado,77.485768,86.4646,91.807311,55.212861,112.493808,52.541527,135.830896,196.93921,26.320295,162.557401,136.672828,186.094542,131.926575,152.167718,144.649236,186.451393,142.039402,155.182596,180.054823,223.382462,191.750438,158.704192,193.613362,208.066122,138.4789,137.975751,115.757339,141.032202,120.061393,96.731947,107.966099,123.422674,103.585404,143.39939,140.65254,186.183643,142.019948,161.399381,155.884145,200.292553,166.15168
