País,Ene-Mar 2013,Abr-Jun 2013,Jul-Sep 2013,Oct-Dic 2013,Ene-Mar 2014,Abr-Jun 2014,Jul-Sep 2014,Oct-Dic 2014,Ene-Mar 2015,Abr-Jun 2015,Jul-Sep 2015,Oct-Dic 2015,Ene-Mar 2016,Abr-Jun 2016,Jul-Sep 2016,Oct-Dic 2016,Ene-Mar 2017,Abr-Jun 2017,Jul-Sep 2017,Oct-Dic 2017,Ene-Mar 2018,Abr-Jun 2018,Jul-Sep 2018,Oct-Dic 2018,Ene-Mar 2019,Abr-Jun 2019,Jul-Sep 2019,Oct-Dic 2019,Ene-Mar 2020,Abr-Jun 2020,Jul-Sep 2020,Oct-Dic 2020,Ene-Mar 2021,Abr-Jun 2021,Jul-Sep 2021,Oct-Dic 2021,Ene-Mar 2022,Abr-Jun 2022,Jul-Sep 2022,Oct-Dic 2022,Ene-Mar 2023,Abr-Jun 2023,Jul-Sep 2023,Oct-Dic 2023,Ene-Mar 2024,Abr-Jun 2024,Jul-Sep 2024
Total,5246.557294,6294.505772,5859.960804,5689.013402,5677.588469,6386.825895,6123.847991,6213.583983,5870.010408,6493.484698,6695.660956,6317.351928,6335.405106,7112.897009,7066.432987,7116.40869,7065.336904,7813.077447,7892.509044,8171.990823,7332.137938,9273.282253,8687.421813,9142.274479,8072.097195,9695.375737,10040.728616,9442.284343,9627.239636,10155.101842,10957.1663,10964.425236,10932.003707,13450.411431,13828.990683,14311.192368,12575.665618,15073.047505,15581.567383,15637.547801,13970.315642,16267.154163,16853.284515,16227.917881,14082.642619,17243.847473,17033.294016
Afganistán,0.000999,0.001011,0,0.003447,0.002578,0.000563,0,0.001712,0.012233,0.002353,0.003962,0.007791,0.003591,0.005483,0.004737,0.002438,0.00186,0.000105,0.001452,0.000957,0.000376,0.003156,0.000693,0.003236,0.002242,0.006696,0.000556,0,0.001671,0.000265,0.000111,0.001407,0.00022,0.001734,0.000446,0,0,0.005975,0.0091,0.262902,0.283665,0.194617,0.237247,0.004963,0.010245,0.053306,0.014162
Albania,0.005595,0.002694,0.009747,0.028669,0.015169,0.01043,0.0128,0.004603,0.012602,0.00174,0.003714,0.005391,0.001554,0.007729,0.009439,0.008887,0.003652,0.002397,0.011125,0.011181,0.002619,0.019796,0.014702,0.013969,0.007232,0.006608,0.005841,0.005412,0.004419,0.006696,0.000879,0.003626,0.00301,0.004413,0.002418,0.001877,0.009156,0.002338,0.004331,0.006437,0.003865,0.008503,0.006158,0.007807,0.00066,0.003144,0.018188
Alemania,0.841314,0.987095,0.813808,0.716667,0.582964,0.620163,1.444757,0.530117,1.288809,3.488769,3.735468,3.637989,3.597246,3.562659,3.238469,3.617121,3.443252,3.704806,4.348428,4.867863,5.072789,4.54853,6.318021,6.95691,6.323991,6.819897,7.182189,8.067285,7.628943,6.807345,8.001447,8.633973,8.626261,9.2741,9.704211,10.461313,9.457564,10.096274,5.354172,5.655438,5.610121,5.615368,3.514562,4.835517,4.52008,4.399255,4.497106
Angola,0.051527,0.064715,0.044804,0.122464,0.116614,0.0825,0.068509,0.036592,0.004474,0.001724,0.002142,0.011188,0.003829,0.002844,0.000463,0.000567,0.001006,0.000756,0.001391,0,0.001956,0.003445,0,0,0,0,0,0,0,0,0,0,0.000434,0.000341,0.00072,0.000849,0,0.003601,0.001126,0.01543,0.03458,0.007704,0.002473,0.001829,0,0.00158,0.000291
Anguila,0,0.000104,0,0.001326,0.003537,0.001012,0.000778,0.00094,0.000945,0.001241,0.000959,0.000939,0.00454,0.001528,0.001845,0.00325,0.004214,0.004549,0.002442,0.001695,0.000191,0.000066,0.012842,0.054803,0,0.002527,0.002519,0.000196,0.002999,0.00002,0.001548,0.000421,0.000804,0.001778,0.016266,0.026523,0.029242,0.008641,0.000085,0.000508,0.000221,0.000059,0.008692,0.005173,0.002194,0.000685,0.002809
Antigua y Barbuda,0.001806,0.000919,0.002124,0.003046,0.005352,0.001465,0.00353,0.000898,0.005289,0.001231,0.001766,0.002096,0.004591,0.001609,0.003207,0.005582,0.007689,0.008001,0.003437,0.000473,0.006943,0.003735,0.023296,0.006347,0.002571,0.003162,0.004864,0.004384,0.002014,0.001905,0.002019,0.001555,0.002519,0.001059,0.00177,0.002027,0.001598,0.002879,0.003393,0.006253,0.005652,0.003665,0.012941,0.022345,0.02084,0.026766,0.019913
Antillas Holandesas,0.007998,0.005479,0.006848,0,0,0,0,0,0,0,0,0,0,0.000012,0.000492,0,0.000113,0.000013,0,0.000225,0.000107,0.002442,0.005796,0.007001,0.003091,0.001939,0.000288,0.002546,0.003743,0.001157,0.001041,0.001288,0.002238,0.000193,0,0.005457,0.00147,0.000655,0.000716,0.001938,0.001212,0.000484,0.002342,0.010463,0.001965,0.003002,0.001497
Arabia Saudita,0.044983,0.033196,0.050538,0.028485,0.019388,0.068118,0.06091,0.070758,0.325183,0.034342,0.040167,0.057508,0.110014,0.102041,0.097879,0.134874,0.148833,0.061262,0.094734,0.104321,0.066647,0.067596,0.067109,0.090384,0.104502,0.091429,0.081749,0.07998,0.070409,0.107797,0.11534,0.103254,0.105402,0.086501,0.111689,0.154552,0.128555,0.144428,0.184449,0.158055,0.127929,0.144333,0.123232,0.106082,0.107438,0.135515,0.081947
Argelia,0,0,0,0,0,0,0,0,0,0,0,0,0,0,0,0,0,0,0,0,0,0,0,0,0,0,0,0,0,0,0,0,0,0,0,0,0,0,0,0,0,0,0,0,0,0,0
Argentina,0.396689,0.34481,0.307695,0.235061,0.193083,0.189792,0.214295,0.194015,0.520071,1.485814,1.452705,0.540278,2.45224,4.003907,5.051295,5.406252,5.266822,6.593224,9.363902,11.616874,9.726077,8.054064,10.942963,11.112847,5.241571,5.666601,6.211361,6.29614,3.274785,3.974636,5.781895,4.911821,5.222848,5.921412,6.871584,6.538284,5.778834,7.077312,3.21774,3.588043,2.945883,2.820651,1.124889,1.012334,0.820688,1.083922,1.343149
Armenia,0.007559,0.004739,0.006783,0.007355,0.006358,0.015763,0.016906,0.004125,0.006562,0.001229,0.003894,0.001632,0.001974,0.000642,0.000928,0.004322,0.002883,0.010424,0.004997,0.00181,0.010609,0.01619,0.003675,0.005819,0,0.00141,0.001818,0.016035,0.005582,0.001529,0.004693,0.003051,0.002396,0.001322,0.001151,0.009639,0.005699,0.020129,0.007027,0.010793,0.011267,0.00479,0.028166,0.009499,0.014643,0.039553,0.065303
Aruba,0.02851,0.034108,0.040998,0.01925,0.00705,0.002808,0.048164,0.036026,0.016637,0.007068,0.008972,0.004932,0.005859,0.007064,0.011812,0.022009,0.016548,0.014802,0.009217,0.008714,0.009196,0.010556,0.004822,0.004282,0.009229,0.011838,0.009929,0.007519,0.006791,0.003822,0.006795,0.013525,0.014293,0.006954,0.005186,0.011977,0.008996,0.011209,0.010396,0.013723,0.015087,0.022034,0.098741,0.115397,0.098576,0.095152,0.081995
Australia,0.307327,0.27731,0.264983,0.335459,0.275692,0.205124,0.158888,0.177927,0.564183,0.841607,1.066688,0.979409,0.835012,0.815397,1.040899,0.908949,0.737453,0.75747,0.93196,1.066555,1.051428,0.92927,1.059397,1.21646,0.825297,0.884129,1.101938,1.348112,1.032806,1.214539,1.855685,1.837503,1.652647,1.989823,2.121291,2.125078,1.724926,2.011086,1.241746,1.446419,1.302089,1.499736,1.022724,1.484899,1.323653,1.399989,1.504859
Austria,0.047184,0.096372,0.049727,0.053804,0.035011,0.031551,0.024893,0.03122,0.081293,0.030313,0.026755,0.019191,0.035324,0.024675,0.031494,0.031026,0.028277,0.029123,0.045395,0.037799,0.035561,0.048803,0.039994,0.037071,0.045824,0.042186,0.034782,0.032462,0.031509,0.028752,0.057351,0.04664,0.056293,0.068749,0.060015,0.05943,0.082304,0.065053,0.073623,0.099753,0.115431,0.173851,0.38045,0.467228,0.377054,0.412577,0.379668
Azerbaiyán,0,0.000087,0.000747,0,0,0,0,0.004009,0.214323,0,0,0,0.000289,0.000737,0,0,0,0,0.001348,0.000578,0,0,0.001766,0.000397,0.000984,0.000637,0,0,0,0,0,0.000495,0.001646,0.00167,0,0,0,0.000046,0.000147,0.000163,0,0.001142,0.005218,0.006452,0.016773,0.008095,0.011229
Bahamas,0.070523,0.076823,0.07833,0.057606,0.076614,0.07245,0.086474,0.138978,0.396877,0.05235,0.039255,0.036304,0.063484,0.055236,0.053134,0.062455,0.122742,0.139518,0.078868,0.074556,0.118627,0.152155,0.146839,0.162685,0.109681,0.128639,0.123321,0.161569,0.148263,0.081749,0.107206,0.095394,0.086211,0.135962,0.191046,0.195159,0.180575,0.216726,0.280012,0.224758,0.185766,0.231663,0.824142,1.057303,0.788329,0.861175,0.77286
Bahrein,0.00674,0.034718,0.05346,0.033218,0.015711,0.009095,0.019082,0.016195,0.072781,0.006189,0.009241,0.009456,0.01109,0.012069,0.017024,0.021191,0.02573,0.022828,0.02261,0.035512,0.029563,0.018529,0.013216,0.020657,0.025856,0.01181,0.020492,0.017526,0.016388,0.012459,0.008324,0.011473,0.006011,0.005201,0.011963,0.028508,0.007345,0.007526,0.011215,0.016307,0.014795,0.010717,0.047486,0.04495,0.038209,0.043213,0.028047
Bangladesh,0,0,0,0,0,0,0,0,0,0,0.00028,0.000956,0,0.001293,0,0,0,0,0,0,0,0,0,0,0,0,0,0,0,0,0,0,0,0,0,0,0,0,0,0,0,0,0,0,0,0,0
Barbados,0.000792,0.000372,0,0,0,0,0.000172,0,0.000089,0,0,0.000973,0,0,0,0,0,0.000915,0.000085,0.000546,0.000489,0.000691,0,0,0,0.000657,0.001406,0.003353,0.00056,0,0.000036,0,0,0.00051,0.000539,0.000475,0.000776,0,0.000022,0.000022,0.000056,0.000753,0.001764,0.00328,0.007351,0.008223,0.029172
Bélgica,0.196742,0.164153,0.134714,0.151643,0.164356,0.298364,0.091747,0.119401,0.141053,0.047131,0.058989,0.079978,0.063011,0.082524,0.078101,0.081802,0.032781,0.056497,0.047702,0.054219,0.057301,0.070398,0.065128,0.056997,0.052773,0.083051,0.050006,0.060666,0.053858,0.066175,0.076957,0.068504,0.065821,0.092519,0.120661,0.130025,0.094769,0.117628,0.142592,0.15737,0.21655,0.26739,0.70965,0.860207,0.705157,0.717308,0.728873
Belice,0.070891,0.083662,0.166876,0.149405,0.076336,0.086523,0.134896,0.098483,0.269965,0.036889,0.046383,0.043237,0.072826,0.099624,0.134996,0.203837,0.182404,0.127357,0.149623,0.130551,0.09877,0.098088,0.106539,0.069604,0.070468,0.074047,0.058957,0.058252,0.058984,0.063378,0.090525,0.095874,0.074608,0.087948,0.141209,0.105004,0.088134,0.101076,0.103309,0.083627,0.090592,0.097123,0.744623,0.801589,0.676512,0.693602,0.687248
Benín,0,0,0.00201,0.000257,0.002131,0,0,0.000465,0.001291,0.00016,0.00099,0.000742,0.00011,0.00014,0,0.000491,0.001119,0.000337,0.001698,0.000053,0.000318,0.000202,0.002315,0.00241,0.004573,0.00607,0.001945,0.000224,0.001398,0.00169,0.00089,0.001131,0.000617,0.001512,0.004094,0.000778,0.001754,0.003215,0.000799,0.001929,0.010321,0.006513,0.001627,0.037046,0.067179,0.036717,0.026857
Bermudas,0.02238,0.019968,0.018371,0.008153,0.011926,0.006518,0.00485,0.00551,0.003323,0.001909,0.002889,0.004623,0.005151,0.015398,0.01778,0.020205,0.0209,0.012624,0.022359,0.01705,0.008374,0.018483,0.015149,0.005099,0.013547,0.014859,0.017611,0.018636,0.025484,0.020139,0.028985,0.015674,0.006244,0.012881,0.023871,0.017809,0.006428,0.012334,0.021161,0.027149,0.020331,0.025514,0.023363,0.024033,0.026114,0.069576,0.065269
Bielorrusia,0,0.000598,0,0.002684,0.004646,0.002208,0.002704,0.006828,0.005655,0.001052,0.001156,0.00069,0.000309,0.001064,0.004514,0.008198,0.020417,0.002775,0.001967,0.001781,0.001306,0.002689,0.001397,0.002398,0.001686,0.004392,0.052312,0.005691,0.001976,0.002901,0.004558,0.005782,0.004845,0.005492,0.00467,0.006946,0.002038,0.001289,0,0.001831,0.000555,0.000963,0.000396,0.002265,0.004514,0.002479,0.000614
Bolivia,0.467382,0.601992,0.437721,0.494769,0.394719,0.487721,0.391145,0.461844,1.092806,1.477564,1.597083,1.646725,1.311974,1.35197,0.942853,1.091243,0.914679,1.257072,1.32122,1.427343,0.99831,1.434568,1.487752,1.579877,1.720276,1.656832,2.267906,1.813939,1.500479,0.811524,1.33612,1.943671,2.021861,2.17583,2.674859,3.329828,2.785307,3.643045,2.139796,2.300221,1.998469,2.2662,1.016695,1.152934,1.016779,0.933175,0.788541
Bonaire,0.006731,0,0,0,0,0,0,0,0,0,0,0,0,0,0,0,0,0.000124,0.000036,0,0,0,0,0,0,0,0,0,0,0,0,0,0,0,0,0,0,0,0,0,0,0,0,0,0,0,0
Bosnia-Herzegovina,0.000313,0.000153,0.000639,0,0,0,0,0,0,0,0.000284,0.001014,0,0.000287,0.000848,0.001116,0.000265,0.0001,0.000232,0.000796,0.000178,0.000534,0.000486,0.000262,0.00069,0.000696,0.001109,0.001496,0.000899,0.007926,0.006309,0.002422,0.012823,0.007102,0.003144,0.000196,0.005314,0.000102,0.008556,0.011226,0.00081,0.001866,0.000988,0.00234,0,0.000453,0.000368
Botswana,0,0.000768,0,0,0,0,0.000195,0.000576,0.000612,0,0.000814,0,0,0,0,0,0,0,0,0,0,0,0.000324,0,0,0,0,0,0,0,0,0.000004,0,0,0,0.000009,0,0,0.000901,0,0.000744,0.000898,0.001738,0.000613,0,0,0.000112
Brasil,0.529146,0.549571,0.446863,0.385062,0.414525,0.429153,0.387323,0.519597,1.040256,2.42385,2.629399,2.238381,2.572183,3.931362,3.492716,3.815658,3.033541,2.653183,3.212903,3.485766,4.838628,3.301526,5.232989,6.171639,5.569902,8.984953,8.949506,8.787509,5.420123,1.963902,2.988175,4.81111,7.485292,13.733978,19.06733,22.33544,14.080129,13.815594,6.835245,6.143341,11.212306,11.382351,7.295492,8.557611,6.574132,6.163393,3.771494
Brunei,0,0,0.000909,0,0.007632,0.008666,0.001792,0.001812,0.000346,0.000227,0.00007,0.000205,0.000943,0.000564,0,0,0.002016,0.000055,0,0,0,0,0.000394,0,0.000015,0,0.000054,0.000428,0.000593,0,0,0,0,0,0,0,0,0,0,0,0,0,0,0.002433,0,0,0
Bulgaria,0.007829,0.004645,0.006975,0.003428,0.002214,0.016924,0.008415,0.025304,0.026819,0.004622,0.001604,0.001363,0.001446,0.001225,0.000906,0.001531,0.002543,0.004628,0.003538,0.002445,0.009635,0.005236,0.006116,0.004563,0.004446,0.005207,0.004634,0.004473,0.006148,0.003833,0.007363,0.009187,0.004579,0.00484,0.003747,0.006796,0.007635,0.005576,0.005203,0.01112,0.004982,0.008555,0.032459,0.036679,0.04717,0.04949,0.043752
Burkina Faso,0,0,0,0,0,0.001245,0,0,0.001129,0.000296,0.000305,0.000198,0.00109,0.000551,0.001532,0.000356,0.001338,0.000238,0.000603,0.001637,0.001128,0.003695,0,0.001979,0.000963,0.001394,0.005405,0.001122,0.001744,0.000448,0.001898,0.009522,0.015181,0.000718,0.002651,0.004207,0.007608,0.010103,0.029188,0.045707,0.037734,0.027134,0.108671,0.154374,0.07878,0.005674,0.015295
Burundi,0.000956,0,0,0,0,0,0,0,0,0,0,0,0,0,0,0,0,0,0,0,0,0,0,0,0,0,0,0,0.000651,0,0,0,0,0,0,0,0,0,0,0.000028,0.000468,0,0.000263,0.000022,0,0,0
Bután,0,0,0,0.0001,0.000094,0.000205,0.002572,0.003367,0.001591,0.000086,0,0,0,0,0,0,0,0,0,0,0.002266,0.000926,0,0,0,0,0,0,0,0,0,0,0,0,0,0,0,0,0,0,0,0,0,0,0,0,0
Cabo Verde,0,0.000224,0,0.000041,0,0,0,0,0.000379,0.000269,0.00006,0.000249,0.000213,0.000024,0.000218,0.000503,0.000415,0.001047,0.000198,0.00031,0.000954,0.001458,0.002765,0.001005,0.000676,0.001227,0.004591,0.001049,0.001199,0.001534,0.000422,0.000504,0,0.000485,0.001344,0.000455,0,0.000028,0.00216,0.0056,0.003763,0.001006,0.004918,0.002511,0.004143,0.003255,0.00119
Camboya,0.000532,0.000515,0.002588,0.003422,0.006426,0.015692,0.001522,0.001147,0.000549,0.002186,0.001648,0.003094,0.001791,0.001776,0.005528,0.003621,0.00475,0.001089,0.001396,0.002417,0.000473,0.002316,0.001911,0.001922,0.000488,0.00005,0.002914,0.000007,0.005454,0.001842,0.000121,0.000043,0.000197,0.000062,0.000071,0.001088,0.00065,0.002828,0.002835,0.001492,0.00067,0.000901,0.061301,0.025426,0.003773,0.015372,0.017802
Camerún,0.035436,0.054301,0.029142,0.030215,0.016054,0.013094,0.009774,0.018494,0.036039,0.004352,0.006158,0.005342,0.004032,0.010173,0.009696,0.007781,0.007895,0.012003,0.010797,0.028669,0.013699,0.012316,0.017918,0.018629,0.025914,0.035558,0.06976,0.014655,0.008741,0.002308,0.008081,0.010649,0.012286,0.011739,0.014433,0.022067,0.030397,0.03878,0.040575,0.031436,0.046373,0.047263,0.029042,0.034491,0.03248,0.032651,0.064456
Canadá,27.415808,66.597402,86.924017,57.080855,27.654972,53.296085,63.260463,33.485181,23.270988,75.951951,99.880684,72.207901,39.843823,78.600443,108.069107,78.547438,47.102237,94.89251,146.902449,108.597085,75.095695,121.433445,184.331019,146.308325,90.568423,157.014086,195.051454,164.956751,121.67735,162.330371,203.257198,176.039318,135.220069,191.427776,205.137844,189.158899,140.045716,214.406092,163.468352,162.690288,142.781119,203.432366,290.660279,293.375373,215.928342,300.158237,325.81405
Chad,0.000392,0,0.002459,0.002463,0.00052,0.004983,0,0,0.002469,0,0,0,0,0.000283,0.00025,0.000876,0,0.003579,0.000424,0.000088,0.00067,0.000254,0,0.000741,0.000795,0.000614,0.000141,0,0.000126,0,0.000024,0,0,0,0,0,0,0.000112,0.000252,0.000223,0.001949,0.002578,0.030972,0.087036,0.040888,0.121791,0.046545
Chile,1.09061,1.056924,0.822194,0.794785,0.678669,0.715778,0.676183,0.723029,1.67963,6.213981,5.876568,6.350085,5.086595,6.194368,5.069184,5.660033,6.740643,9.201383,10.937587,13.676061,8.699036,11.399277,9.794285,12.368542,10.402975,10.932676,14.840889,14.078618,19.343104,7.595038,13.147044,16.453189,17.700107,22.905735,32.951012,31.478296,18.511987,18.213418,11.916468,11.435276,10.25975,10.905867,4.886413,6.623717,4.764901,4.472551,3.604437
China,0.555292,0.558981,0.360066,0.253637,0.16624,0.268315,0.203888,0.147857,0.328431,0.217616,0.223958,0.195,0.143252,0.20327,0.253565,0.25773,0.150958,0.186261,0.162108,0.178017,0.155374,0.098358,0.165784,0.102744,0.11671,0.140965,0.148052,0.177349,0.090064,0.110469,0.067836,0.076078,0.049341,0.054094,0.052879,0.065308,0.08846,0.057667,0.052834,0.076548,0.091676,0.065412,0.390802,0.438264,0.306399,0.360588,0.307361
Chipre,0.002992,0.001875,0.002174,0.00048,0.000704,0.001588,0.000639,0.000521,0.002958,0.001348,0.001232,0.004976,0.003987,0.001508,0.00207,0.002783,0.003512,0.001949,0.003887,0.002624,0.002247,0.003941,0.005001,0.003826,0.003815,0.001949,0.003234,0.001754,0.001091,0.000601,0.000146,0.000363,0.000939,0.001107,0.001801,0.003279,0.001569,0.002383,0.003185,0.004709,0.003462,0.001218,0.010423,0.013725,0.014059,0.019685,0.007976
Cisjordania,0,0,0,0,0,0,0,0,0,0,0,0.001889,0.000775,0.002377,0.002752,0.000193,0.002411,0.002567,0.002509,0.002571,0.002581,0.002635,0.002458,0.003425,0.00027,0.003119,0.002802,0.003977,0.000668,0,0.0029,0.002957,0.000207,0.002862,0,0,0.002848,0.00316,0.00352,0.000796,0.0006,0,0,0,0,0,0
Colombia,1.746025,1.995293,1.633249,1.489672,1.089734,1.029762,0.493037,0.490043,0.84245,10.07489,9.00907,8.195551,6.920886,7.526927,7.831002,8.390939,8.736041,8.844548,10.057694,10.726534,10.228482,10.86599,12.873802,14.163879,12.897706,13.856151,16.043051,17.197914,14.030984,9.567248,15.339318,18.890788,17.587762,19.493733,23.988861,29.403967,33.765213,46.71117,28.202307,27.149333,20.3296,21.602752,9.770702,9.569685,9.333837,10.12255,8.6818
Comores,0,0,0,0,0,0,0,0,0,0,0,0.000574,0.000352,0.000159,0.000164,0.000172,0,0,0.000169,0.000177,0,0,0,0,0,0.003215,0.003829,0.000888,0,0,0,0.001383,0,0,0,0,0,0.000241,0,0,0,0,0,0,0,0,0
Corea del Norte,0.001727,0.000651,0.002094,0.003811,0.002144,0.001465,0.005079,0.012003,0.004212,0,0.012794,0,0,0,0,0,0.000466,0.00024,0,0,0,0,0,0,0,0,0,0,0,0,0,0,0,0,0,0,0,0,0,0,0,0.004599,0,0,0.014764,0,0
Corea del Sur,0.02709,0.032857,0.004366,0.007903,0.005741,0.015013,0.019013,0.010691,0.012784,0.014511,0.00773,0.022815,0.014726,0.025473,0.017985,0.043735,0.010098,0.023319,0.0207,0.016472,0.017375,0.037909,0.022459,0.035052,0.028629,0.033818,0.054273,0.052175,0.116558,0.056871,0.098808,0.087593,0.058479,0.115034,0.087861,0.074607,0.051154,0.043213,0.044807,0.043793,0.05034,0.029528,0.035886,0.046754,0.03894,0.063208,0.044067
Costa de Marfil,0.020371,0.017095,0.013887,0.013631,0.027907,0.015166,0.581321,0.067104,0.069195,0.016698,0.021678,0.019653,0.023229,0.011795,0.027083,0.025391,0.006236,0.004687,0.014048,0.022877,0.017608,0.011025,0.018138,0.017677,0.023469,0.019708,0.01584,0.009247,0.008542,0.002049,0.011418,0.029597,0.028662,0.018643,0.015107,0.013665,0.01329,0.062558,0.054965,0.046966,0.030327,0.020464,0.029452,0.031259,0.048432,0.236013,0.183978
Costa Rica,0.647976,0.651419,0.64174,0.634672,0.527183,0.540333,0.567017,0.67118,1.656878,2.036959,2.354852,2.278065,2.168903,2.224781,1.8978,1.99012,2.316394,2.284775,2.585587,2.800617,2.655989,2.639974,2.852733,2.88055,2.846605,2.831835,3.075701,3.556029,3.444147,2.81411,3.240622,4.003111,3.585444,4.191891,4.666789,4.381933,4.038323,5.092106,2.952819,4.695587,2.902526,2.753056,1.259263,1.436739,1.360911,1.339124,1.404965
Croacia,0.009382,0.000592,0,0.000695,0.000118,0.000627,0.001845,0.001615,0.004587,0.003084,0.000733,0.001097,0,0.000644,0.000555,0.000166,0.00027,0.003232,0.00375,0.00599,0.005322,0.004649,0.006313,0.00932,0.009883,0.00357,0.00928,0.007707,0.00712,0.002324,0.007016,0.010303,0.004014,0.00489,0.008176,0.004732,0.009352,0.00396,0.006037,0.00546,0.004873,0.006967,0.008394,0.010005,0.010945,0.011364,0.008476
Cuba,0.00148,0,0,0,0,0,0,0,0.000988,0,0,0,0,0,0,0.000453,0.0001,0,0.000257,0,0,0,0,0,0,0,0,0,0,0,0,0,0,0,0,0,0,0,0.000025,0,0,0,0,0,0,0,0
Curazao,0.007791,0.004837,0.003696,0.011594,0.010667,0.00178,0.007969,0.008564,0.000431,0,0.001141,0.001659,0.001197,0.00333,0.004181,0.011025,0.003583,0.002137,0.005507,0.003081,0.003781,0.012499,0.008361,0.009631,0.007699,0.009511,0.011063,0.006045,0.01266,0.010962,0.004113,0.006893,0.005938,0.005986,0.009953,0.007301,0.006623,0.006997,0.006979,0.007759,0.005819,0.011987,0.038165,0.075318,0.060039,0.051434,0.022757
Dinamarca,0.025628,0.038565,0.022835,0.014901,0.006874,0.016723,0.023332,0.010523,0.060208,0.011299,0.019393,0.005419,0.006526,0.01215,0.009879,0.007051,0.010532,0.010208,0.025369,0.031202,0.01494,0.020449,0.012812,0.017302,0.013512,0.016383,0.011875,0.016965,0.012858,0.014123,0.015126,0.017791,0.01829,0.028192,0.039324,0.045292,0.067208,0.098113,0.054879,0.054872,0.06161,0.064317,0.161032,0.244076,0.245018,0.258658,0.250423
Djibouti,0,0,0,0,0,0,0,0.000849,0.001344,0,0,0,0,0,0,0,0,0,0,0,0,0,0.001093,0.000441,0.000051,0.000031,0,0.002404,0,0,0,0,0.000547,0.000289,0.000401,0.000592,0.000343,0.000186,0,0,0,0,0.00155,0.05083,0.052041,0,0
Dominica,0.000202,0.000272,0.000923,0.001506,0,0.0001,0.001009,0,0.004905,0.000328,0.000389,0.000603,0.000183,0.000595,0.000195,0.000453,0.001843,0.000008,0.000127,0.00025,0.0018,0,0.000264,0,0.00021,0.000439,0.000277,0.000042,0.000171,0.001006,0.002163,0.000306,0.0001,0.000487,0.001046,0.00337,0.002391,0.002829,0.002758,0.001047,0.00165,0.011343,0.019963,0.059907,0.028735,0.020716,0.013758
Ecuador,1.170471,1.472183,1.540396,2.433392,2.100142,1.9912,1.838335,2.132521,3.314282,5.200832,5.26491,5.395417,4.908797,6.05115,5.226716,6.287613,5.889339,6.323855,6.363299,6.914392,7.263258,7.307674,7.751783,10.386357,13.448104,22.85338,21.401656,25.677258,29.979396,8.106664,19.834747,45.029348,53.03584,94.641325,114.695869,35.523893,33.396723,72.2857,44.492394,78.570747,70.9204,50.210234,32.115073,34.325995,44.632478,38.733046,13.611463
Egipto,0.01658,0.018258,0.021255,0.012513,0.004479,0.001187,0.00962,0.006224,0.059993,0.008814,0.014437,0.048438,0.023282,0.0192,0.024598,0.040049,0.044508,0.037525,0.051209,0.03428,0.046004,0.046704,0.067463,0.055866,0.056175,0.030365,0.032921,0.029119,0.030727,0.041773,0.029924,0.030444,0.034078,0.027482,0.027875,0.016313,0.018263,0.018537,0.022577,0.013211,0.018194,0.011099,0.029541,0.012802,0.012152,0.391063,0.33783
El Salvador,6.963527,7.547803,6.769089,7.449893,8.988096,11.96076,9.870604,6.145371,12.692041,4.349248,3.733833,3.948919,3.693038,5.665524,4.321881,5.212282,4.140335,3.645151,4.200204,4.867361,4.360574,4.697912,5.797368,6.608657,7.537797,11.581179,8.33014,6.67989,6.237431,3.913103,9.002301,15.938304,16.00758,20.257183,19.281509,19.003561,14.568984,16.335185,9.500335,8.86376,8.138477,7.786339,6.380547,7.754044,7.336316,14.448722,5.116445
Emiratos Árabes Unidos,0.253022,0.270284,0.414813,0.123384,0.097105,0.106181,0.125724,0.112028,0.263696,0.06807,0.077823,0.123284,0.186638,0.159765,0.228098,0.286659,0.226573,0.150881,0.189084,0.18528,0.137071,0.145789,0.131366,0.106781,0.075091,0.068256,0.065457,0.071377,0.147447,0.105858,0.10172,0.122295,0.137579,0.148912,0.125944,0.214963,0.196046,0.157397,0.223596,0.552686,0.615616,0.523279,0.428839,0.400841,0.204088,0.23332,0.15178
Eslovaquia,0.001088,0.002389,0.015179,0,0,0.000042,0,0.000573,0.001112,0.001215,0.001535,0.000966,0.001478,0.000079,0.002286,0.00425,0.000864,0.001536,0.002275,0.004361,0.006481,0.005916,0.005244,0.001711,0.0017,0.001385,0.002015,0.000938,0.002312,0.001089,0.000298,0.000403,0.001233,0.004156,0.002097,0.003307,0.001303,0.001611,0.000693,0.000961,0.000356,0.002473,0.031261,0.025857,0.018034,0.053265,0.025404
Eslovenia,0.002499,0.000844,0,0.000881,0.000659,0.001734,0.005393,0.003834,0.004221,0.001161,0.002323,0.004064,0.001065,0.000317,0.000503,0.00195,0.001451,0.00363,0.002782,0.003565,0.001813,0.003358,0.001304,0.001352,0.001423,0.000562,0.003423,0.000777,0.000397,0,0.001058,0.004091,0.003465,0.003132,0.002118,0.001986,0.000639,0.000341,0.001716,0.009316,0.001154,0.001012,0.017263,0.040162,0.016362,0.013705,0.018177
España,4.319963,5.275258,4.803596,4.742349,4.353303,4.522601,4.373002,3.820494,5.760377,6.96224,7.298637,7.601336,6.614294,7.374847,7.098732,7.260529,7.184708,7.653465,8.30607,8.835278,8.687661,8.843347,11.126439,11.842323,11.001955,12.727012,14.575687,17.30692,12.874746,11.512642,14.989034,16.354351,15.256973,17.221634,18.218566,18.446086,16.738043,18.574149,11.660614,13.034494,12.013063,12.37503,11.412595,13.267828,10.769147,10.917207,11.449554
Estados Unidos,5094.144145,6087.858605,5633.579302,5526.222812,5480.945062,6224.68035,5879.516412,5942.897956,5741.663555,6169.301128,6373.137785,5975.730578,6086.219377,6791.287978,6730.860398,6760.885132,6789.145284,7469.323214,7454.709611,7714.691077,6945.560754,8877.129993,8166.597341,8628.639044,7693.194982,9220.571743,9550.436144,8951.915675,9214.445036,9791.865051,10484.07438,10444.083966,10451.17296,12801.308215,13106.725751,13623.512424,12018.880652,14332.924046,15039.763159,14975.176479,13419.71969,15674.658409,16253.966719,15576.722063,13557.864211,16638.939774,16473.50355
Estonia,0.00063,0.001552,0.000875,0.001252,0,0.000388,0.000627,0.000081,0.001294,0.000846,0.000571,0.000098,0.000317,0.00007,0.000182,0.000713,0.00044,0.000242,0.000788,0.000245,0.000196,0.001027,0.001586,0.0016,0.000123,0.002664,0.000697,0.005152,0.000112,0.000433,0.000842,0.001606,0.001473,0.002492,0.003138,0.002023,0.001985,0.002535,0.007358,0.002825,0.001354,0.001465,0.012038,0.00399,0.007112,0.006787,0.003884
Etiopía,0,0,0,0,0,0,0,0,0,0,0,0,0,0,0,0,0,0,0,0,0,0,0,0,0,0,0,0,0,0,0,0,0,0,0,0,0,0,0,0,0,0,0,0,0,0,0
Federación Rusa,0.357331,0.392998,0.214647,0.136395,0.146585,0.200624,0.188676,0.183972,0.457355,0.094738,0.100136,0.190602,0.132665,0.176603,0.154286,0.138333,0.120189,0.106794,0.162245,0.136167,0.100882,0.125398,0.14498,0.136181,0.126841,0.114775,0.133159,0.133825,0.104164,0.074374,0.053872,0.10306,0.073209,0.1047,0.108123,0.119846,0.122223,0.003474,0,0,0.000501,0,0,0,0,0,0
Filipinas,0.052806,0.093553,0.046315,0.035996,0.042555,0.023509,0.045148,0.054151,0.091355,0.027066,0.051505,0.042343,0.030041,0.01034,0.013833,0.019746,0.030148,0.027425,0.01354,0.016809,0.030513,0.041299,0.034576,0.026985,0.019384,0.023336,0.024513,0.019425,0.018232,0.013086,0.026797,0.021195,0.018618,0.016054,0.006794,0.018013,0.006645,0.023176,0.016235,0.013092,0.014987,0.013485,0.058115,0.090735,0.074643,0.072596,0.071133
Finlandia,0.026815,0.040309,0.018455,0.009393,0.004079,0.004548,0.010527,0.008563,0.013693,0.012764,0.008142,0.006071,0.00694,0.008697,0.007375,0.011723,0.004922,0.00404,0.009641,0.015833,0.015822,0.010735,0.008753,0.007116,0.009292,0.005638,0.004652,0.0055,0.008212,0.007809,0.016468,0.019429,0.018302,0.022321,0.034476,0.038714,0.033788,0.039705,0.038551,0.042675,0.056601,0.038614,0.11973,0.162384,0.21443,0.274908,0.131037
Fiyi,0,0.000509,0,0.000274,0.002871,0.000121,0.003368,0.001305,0,0,0,0.001016,0,0.00303,0.002036,0.001942,0.002199,0.000295,0.001722,0.001849,0.001811,0.000047,0.000895,0.000071,0,0,0.000141,0,0.000925,0,0,0,0,0.000265,0.000097,0,0.000559,0,0.000044,0.000105,0,0,0,0.001691,0,0,0
Francia,0.79774,0.93701,0.692278,0.564312,0.551698,0.371889,0.293657,0.266526,0.980653,4.667736,4.797672,4.54199,4.502828,4.793405,4.255634,4.850713,4.717376,5.187667,5.750108,6.34862,7.540491,6.487464,7.784357,8.680112,8.128718,8.86944,8.799743,9.387374,8.925446,6.2966,8.283807,9.332431,10.433026,10.548163,11.701975,12.597328,11.636777,9.719548,5.24159,6.115208,7.709836,8.933032,7.194654,8.502972,6.013414,5.626796,4.481228
Gabón,0.004164,0.002994,0.002842,0.002705,0.003702,0.000877,0,0.008185,0.016598,0.001086,0.000231,0.000306,0.000263,0.011775,0.001028,0.000686,0.000686,0.001731,0.000409,0.000179,0.000458,0.000419,0.002127,0.002288,0.003556,0.002376,0.000266,0.001558,0.00064,0.000259,0.000419,0.000337,0.00056,0,0.00045,0.00047,0.002119,0.004475,0.005077,0.010008,0.006332,0.008808,0.02825,0.021751,0.010283,0.003616,0.007694
Gambia,0,0,0,0,0.000089,0,0,0,0,0,0,0,0.000043,0,0,0,0,0.000118,0,0,0,0,0,0.000554,0.002074,0.001197,0.000223,0.000356,0.000536,0,0.001527,0.00209,0,0.000869,0.000598,0.000078,0.000061,0.000227,0.001621,0,0.00525,0.001147,0.00719,0.00356,0.01492,0,0.004254
Georgia,0,0.004124,0.001035,0.004249,0,0.000068,0,0.002775,0.032072,0.00855,0.004019,0.001775,0.00306,0.003119,0.010986,0.00977,0.00039,0.000063,0.005346,0.004938,0.005548,0.000199,0,0.000606,0,0,0,0,0,0,0,0,0,0,0,0,0,0,0,0,0.006482,0.020832,0.000836,0.005301,0.00727,0.014828,0.020221
Ghana,0,0,0,0,0,0,0,0,0,0,0,0,0,0,0,0,0,0,0,0,0,0,0,0,0,0,0,0,0,0,0,0,0,0,0,0,0,0,0,0,0,0,0,0,0,0,0
Gibraltar,0.000408,0.000899,0,0,0.000689,0.000101,0.000102,0.000496,0.001046,0.000073,0.001019,0.000333,0.000647,0.000286,0.000126,0.000348,0.000115,0.000186,0.000485,0.000456,0.000175,0.000068,0.000728,0.000682,0.000139,0.000066,0.000225,0.000232,0.00016,0,0,0.000022,0,0,0,0,0,0,0,0,0.000011,0.000498,0.000018,0.001286,0.001752,0.001602,0
Granada,0.001475,0.001513,0.000778,0.001183,0.002431,0.001218,0.004917,0.0018,0.008227,0.000653,0.001738,0.00132,0.00055,0.000327,0.000711,0.001338,0.001107,0.00367,0.003505,0.001209,0.00053,0.000713,0.003051,0.001526,0.000694,0.001404,0.000431,0.000562,0.001853,0.000336,0.000263,0.000826,0.000437,0.000076,0.000322,0.00721,0.006301,0.000946,0.001013,0.002288,0.002486,0.011819,0.136001,0.152181,0.076973,0.066085,0.011144
Grecia,0.078031,0.274743,0.266171,0.130413,0.037939,0.031272,0.047273,0.029997,0.017207,0.003556,0,0.006006,0.008452,0.020314,0.014066,0.01661,0.015182,0.0137,0.013181,0.013971,0.014639,0.023412,0.019653,0.021875,0.023339,0.024907,0.01763,0.015052,0.024224,0.012867,0.022043,0.016283,0.011593,0.017558,0.027828,0.021838,0.016089,0.053441,0.061718,0.046051,0.076189,0.263463,0.68235,0.414398,0.199604,0.203284,0.317428
Guadalupe,0,0,0,0,0,0,0,0,0,0,0,0,0,0,0,0,0,0,0,0,0.003894,0.002985,0.002702,0.004983,0.002335,0.005878,0.009093,0.006773,0.007275,0.004012,0.013422,0.011599,0.013174,0.026876,0.041657,0.02468,0.019203,0.016991,0.014816,0.011935,0.024168,0.03708,0.020676,0.028391,0.022749,0.016119,0.008436
Guam,0.001174,0.007374,0.00301,0.001063,0.000385,0.000611,0.000042,0.00061,0.00049,0.000428,0.003517,0.006562,0.003981,0.001215,0.001436,0.000171,0.000097,0,0.000047,0.001096,0.000473,0.001045,0.003362,0,0.000092,0.001535,0.00065,0.002456,0.001225,0.000674,0.001163,0.002168,0.014245,0.003769,0.006741,0.012111,0.005581,0.00113,0.000168,0.002266,0.008284,0.009927,0.007126,0.043411,0.010793,0.004546,0.018513
Guatemala,9.56362,9.652652,8.407324,12.150871,13.593733,9.35458,6.176212,5.877705,16.663512,3.94913,3.431439,3.671666,3.482029,4.476937,4.340772,4.73266,3.231423,3.036556,3.962512,4.931867,5.805107,5.077178,6.756757,8.467283,9.465152,11.887451,7.389622,6.81662,5.946714,3.327126,7.110848,9.879937,12.376274,12.016319,13.073078,12.39044,11.489192,12.33703,8.334599,9.358487,8.817936,7.959938,29.069033,33.660281,29.276549,22.73009,21.278087
Guayana Francesa,0.003939,0.004921,0.003757,0,0,0,0,0,0,0,0,0,0,0,0,0,0.00012,0.000214,0,0.000042,0.000037,0.000888,0.000068,0.00117,0.00578,0.003002,0.003436,0.002558,0.001505,0.00137,0.002936,0.001078,0.003576,0.007215,0.021124,0.039886,0.012722,0.009776,0.005616,0.012716,0.042333,0.032526,0.009799,0.015378,0.011221,0.321521,0.211006
Guinea Bisáu,0,0,0,0,0,0,0,0,0.000707,0.000065,0,0,0,0,0,0,0.000338,0.001264,0.000837,0,0,0,0,0,0.000259,0.000669,0.003022,0.00171,0.000132,0.000528,0.00013,0,0,0.000019,0.000009,0,0,0.000071,0,0.004224,0.003752,0.003145,0.005117,0.011646,0.008264,0,0.000141
Guinea Ecuatorial,0.002802,0.002515,0,0,0,0.005709,0.002628,0.001611,0.014827,0.005126,0.002626,0.00368,0.002718,0.009337,0.010607,0.010367,0.016074,0.004512,0.005707,0.004211,0.000397,0.004529,0.000637,0.000078,0.000087,0,0,0.002408,0.005076,0.002502,0.002892,0.00505,0.001433,0.004368,0.002515,0.00489,0.004647,0.002358,0.00884,0.002019,0.002714,0.003658,0.004587,0.001443,0.000317,0.0002,0.000103
Guyana,0.001069,0.002103,0.001491,0.000578,0.002297,0.00053,0.002545,0.004769,0.00144,0.000731,0.001261,0.000153,0.000339,0.006986,0.004009,0.002795,0.005523,0.002704,0.012105,0.00539,0.001178,0.003259,0.001013,0.007534,0.003976,0.010311,0.00562,0.002623,0.008906,0.00782,0.00448,0.005638,0.008031,0.001895,0.005842,0.00437,0.005306,0.002559,0.008795,0.010091,0.004954,0.005648,0.006865,0.00166,0.002733,0.004494,0.007544
Haití,0.280196,0.304454,0.217395,0.219235,0.195323,0.209743,0.217731,0.201211,0.48004,0.07668,0.082522,0.063854,0.081919,0.135282,0.127023,0.112491,0.119541,0.100831,0.116589,0.098404,0.079203,0.084008,0.084549,0.101377,0.1046,0.119283,0.138944,0.127798,0.16239,0.078344,0.120255,0.135131,0.183027,0.193544,0.235493,0.219133,0.131586,0.146836,0.111402,0.113947,0.21725,0.228813,1.750746,7.048264,3.949367,1.981714,1.310623
Honduras,4.32664,5.659382,5.106432,5.398429,8.109163,11.507184,4.428113,2.542713,8.187037,3.145327,3.326018,2.434802,2.470775,3.750098,3.082518,4.15151,2.451019,2.150816,4.013683,4.155506,5.269719,3.792474,6.886619,6.702409,10.852535,13.666396,10.25774,4.888775,4.269077,1.676104,4.452515,7.294102,13.850216,14.4587,17.138391,11.680947,9.988968,10.035992,5.019148,4.911747,5.040904,4.861687,13.645124,13.6867,12.977393,11.365157,9.721044
Hong Kong,0.036192,0.032139,0.039802,0.032077,0.033104,0.037061,0.046983,0.017695,0.025399,0.010759,0.01349,0.007457,0.006356,0.013358,0.011599,0.02726,0.021638,0.012496,0.026125,0.019813,0.0176,0.015456,0.013746,0.015817,0.029242,0.02167,0.026794,0.032512,0.015522,0.007355,0.009863,0.002231,0.008695,0.012025,0.009073,0.00768,0.004211,0.005174,0.010851,0.010113,0.012424,0.014589,0.055817,0.044773,0.051963,0.373356,0.270174
Hungría,0.002117,0.014468,0.006402,0.012419,0.010573,0.014986,0.015574,0.013865,0.035715,0.005809,0.024392,0.040742,0.029316,0.02387,0.047675,0.007482,0.014138,0.011654,0.006536,0.008563,0.013952,0.01854,0.011509,0.013375,0.009316,0.008534,0.011279,0.011072,0.010198,0.007773,0.007532,0.005419,0.007259,0.010355,0.009874,0.011758,0.004419,0.002936,0.005883,0.008028,0.010474,0.013579,0.062701,0.03259,0.02892,0.05469,0.039951
India,0.002822,0.003369,0,0.000519,0.005587,0.0042,0.000862,0.000103,0.0628,0.001025,0.000646,0.000737,0.00053,0,0.00311,0.001934,0.000988,0.001337,0.003078,0,0.000448,0.001469,0.001326,0.000025,0.000017,0,0,0,0,0,0,0,0,0,0,0,0,0,0,0,0.000319,0,0.000031,0.000393,0,0,0
Indonesia,0.007839,0.032651,0.024126,0.036795,0.031596,0.029781,0.037057,0.030722,0.063558,0.03601,0.0312,0.02087,0.01964,0.008683,0.017098,0.008165,0.012191,0.009501,0.013148,0.010326,0.021419,0.015389,0.010566,0.021466,0.00871,0.008317,0.010272,0.01826,0.003146,0.002992,0.003978,0.002392,0.002014,0.002636,0.004583,0.003705,0.003517,0.00236,0.000634,0.000686,0.000853,0.004438,0.009094,0.009421,0.005875,0.003923,0.006127
Iraq,0.005371,0.006785,0.002075,0.008708,0.006738,0.005601,0.00832,0.016947,0.02476,0.013175,0.009777,0.010313,0.008149,0.016329,0.008352,0.035451,0.018036,0.024201,0.023595,0.013124,0.012825,0.00792,0.014955,0.009143,0.009366,0.013455,0.007839,0.017658,0.017537,0.022072,0.022917,0.010836,0.01046,0.015771,0.008911,0.01912,0.013633,0.013809,0.016798,0.022927,0.015299,0.018587,0.018127,0.01886,0.032149,0.024225,0.009974
Irlanda,0.069421,0.096843,0.071933,0.057776,0.068134,0.0565,0.068664,0.064884,0.134011,0.033496,0.030239,0.030339,0.033246,0.045446,0.038279,0.040704,0.032561,0.039543,0.041495,0.040408,0.039652,0.039111,0.048794,0.039273,0.045053,0.047455,0.054388,0.051772,0.048911,0.033085,0.035413,0.042859,0.048105,0.065838,0.092862,0.089203,0.094051,0.071938,0.07629,0.109309,0.247166,0.241795,0.43552,0.571285,0.506291,0.505344,0.559803
Isla de San Martín,0.024641,0.027475,0.007622,0.021147,0.01579,0.017892,0.009864,0.015339,0.047949,0.000106,0.001412,0,0,0.000439,0,0,0.006505,0.005233,0.000959,0.000902,0,0.150239,0.11954,0.137538,0.129526,0.141997,0.125066,0.142783,0.127638,0.104223,0.106336,0.123949,0.138041,0.100609,0.114828,0.088761,0.099974,0.091296,0.083878,0.070332,0.11932,0.145256,0.163631,0.129461,0.09631,0.071592,0.064192
Islandia,0.000212,0.004664,0.0009,0.006142,0.006368,0.003711,0.00409,0.003566,0.007393,0.000535,0.003689,0.003795,0.018609,0.00452,0.004189,0.005095,0.001446,0.001455,0.007237,0.004582,0.000894,0.0012,0.003137,0.000871,0.001041,0.002629,0.00217,0.002287,0.002601,0.001353,0.000787,0.000338,0.000088,0.001021,0.000689,0.000057,0.001617,0.000833,0.000444,0.000374,0.001188,0.000568,0.016745,0.014947,0.014909,0.014172,0.018711
Islas Caimán,0.171553,0.158665,0.101601,0.125883,0.159333,0.165431,0.115019,0.117728,0.367989,0.0466,0.048892,0.055367,0.074384,0.067849,0.088055,0.170604,0.125552,0.108822,0.127885,0.116695,0.07663,0.085891,0.073575,0.078836,0.069947,0.076953,0.061892,0.062213,0.068881,0.031436,0.070802,0.066968,0.065484,0.082885,0.084357,0.093569,0.080637,0.085751,0.075704,0.068724,0.065824,0.068223,0.270245,0.275799,0.222661,0.201015,0.187074
Islas Cocos,0,0,0,0,0,0,0,0.000468,0,0,0,0,0,0,0,0,0,0,0,0,0,0,0,0,0,0,0,0,0,0,0,0,0,0,0,0,0,0,0,0,0,0,0,0,0,0,0
Islas Cook,0,0,0,0,0,0,0,0,0,0,0,0,0,0,0,0,0,0,0,0,0,0,0,0,0,0,0,0,0,0,0.000033,0,0,0.000817,0,0,0,0,0,0,0,0,0,0,0,0.108663,0.086346
Islas Marshall,0,0,0,0,0,0,0,0,0.011839,0.001201,0,0,0.001957,0.000765,0.00079,0.001897,0.000098,0.000094,0.000812,0.000849,0.000632,0.001178,0,0,0,0,0.003741,0.000254,0,0,0,0,0,0.000093,0,0,0.000895,0.000863,0,0,0,0,0,0,0,0,0
Islas Salomón,0,0,0,0,0,0,0,0,0,0,0,0,0,0,0,0,0.000306,0,0,0,0,0,0,0,0,0,0,0,0,0.000686,0.00012,0,0,0,0,0,0,0,0,0,0,0,0,0,0,0,0.000839
Islas Turcas y Caicos,0.019102,0.028551,0.029529,0.031691,0.022832,0.031072,0.04328,0.024733,0.112538,0.007291,0.007118,0.009638,0.019325,0.01764,0.020756,0.018801,0.029045,0.020964,0.020746,0.020609,0.020421,0.021772,0.016422,0.014004,0.011976,0.012644,0.007265,0.009457,0.011948,0.004476,0.008505,0.007168,0.008674,0.011965,0.02022,0.031749,0.022729,0.018025,0.016746,0.015862,0.029874,0.034057,0.312982,0.701902,0.67458,0.589362,0.591849
Islas Virgenes Americanas,0.103726,0.050535,0.012317,0.05691,0.060129,0.036846,0.019834,0.051763,0.201389,0.017343,0.010197,0.013058,0,0,0,0,0,0,0,0,0,0.021554,0.035628,0.010491,0.014116,0.004121,0.002469,0,0.007376,0.003226,0.002781,0.003324,0.004394,0.006277,0.009293,0.007205,0.006119,0.004896,0.008785,0.064311,0.157771,0.212979,0.184262,0.258511,0.253813,0.319255,0.24756
Islas Virgenes Británicas,0.011092,0.018991,0.010539,0.010688,0.013599,0.013468,0.010243,0.005105,0.037205,0.004276,0.004499,0.003223,0.010222,0.00655,0.004638,0.006959,0.016907,0.006431,0.003233,0.005343,0.003045,0.001652,0.005097,0.002556,0.001715,0.000343,0.000592,0.002011,0.000514,0.000255,0.000336,0.001029,0.000265,0.000068,0.000213,0.000607,0.002438,0.000486,0.001216,0.000915,0.001702,0.00043,0.000228,0.003986,0.000968,0.000878,0.000424
Israel,0.114983,0.142002,0.13762,0.063446,0.134398,0.226183,0.392838,0.656185,1.230648,0.119655,0.132906,0.147615,0.140154,0.13275,0.121805,0.136583,0.074447,0.076793,0.128968,0.115048,0.07529,0.08737,0.078647,0.101604,0.077245,0.101365,0.086327,0.075419,0.062839,0.058299,0.069983,0.08641,0.068405,0.079793,0.094897,0.100071,0.080486,0.079627,0.091722,0.086662,0.079007,0.09907,0.395239,0.416199,0.358122,0.458838,0.447086
Italia,1.582529,2.039904,2.021017,1.637264,1.81078,1.747218,1.642346,1.396963,3.011828,2.948002,3.168298,3.231658,2.869204,3.116335,2.832815,2.959243,2.650879,2.824723,3.141753,3.469308,3.376801,3.403297,4.01517,4.347081,3.899718,4.78074,5.022362,5.128791,4.353035,4.137117,5.446598,6.085345,5.445829,5.454822,5.903138,6.650759,5.586836,5.921604,3.875754,4.030491,3.78006,3.815258,4.14008,4.28868,3.181919,2.800085,2.877714
Jamaica,0.055486,0.048211,0.109235,0.104211,0.106917,0.106309,0.054031,0.043718,0.142947,0.031435,0.056293,0.038405,0.043401,0.027793,0.050246,0.041754,0.080043,0.08116,0.053454,0.05058,0.051498,0.038326,0.033909,0.063778,0.047858,0.061064,0.041217,0.033818,0.043476,0.058439,0.052417,0.048655,0.038598,0.040463,0.041792,0.059853,0.023215,0.024345,0.016148,0.01998,0.012963,0.018026,0.118859,0.141417,0.187595,0.161633,0.184204
Japón,0.12514,0.135491,0.143617,0.102999,0.086291,0.099332,0.1192,0.118461,0.24903,0.049358,0.075291,0.051414,0.080742,0.174417,0.194486,0.246706,0.128334,0.125762,0.130549,0.156929,0.108341,0.184025,0.104572,0.121324,0.121456,0.141191,0.129097,0.105556,0.101358,0.092565,0.115754,0.122246,0.095106,0.100074,0.118246,0.105275,0.100762,0.105349,0.099944,0.074658,0.088516,0.112544,0.415651,0.415023,0.362772,0.31776,0.394149
Jordania,0.017434,0.011353,0.011251,0.002897,0.007365,0.002338,0.016049,0.001562,0.001178,0.002048,0.015157,0.012995,0.019576,0.010606,0.019543,0.018333,0.01452,0.010826,0.020643,0.02704,0.020345,0.016356,0.009744,0.019193,0.013276,0.014813,0.018493,0.023287,0.01039,0.009326,0.023956,0.015029,0.017432,0.018227,0.024091,0.028841,0.017992,0.025558,0.018009,0.021741,0.020088,0.030775,0.0451,0.008711,0.01575,0.059028,0.034449
Kazajistán,0.021163,0.003754,0.001784,0,0.001739,0.00026,0.001193,0,0.007157,0.00109,0.002625,0.002975,0.000948,0.000501,0.001539,0.001528,0.001718,0.000117,0.000364,0.00024,0.00181,0.005536,0.000156,0.001845,0.001087,0.002092,0.000168,0.002259,0.000407,0.000183,0.001025,0.000252,0.001564,0.000925,0.002134,0.000854,0.006195,0.012586,0.012079,0.007979,0.006473,0.005294,0.007333,0.006229,0.001195,0.002519,0.000749
Kenia,0.051039,0.015207,0.009103,0.007946,0.007251,0.010781,0.003913,0.016167,0.015725,0.005881,0.004318,0.036214,0.012536,0.004394,0.010593,0.00462,0.012241,0.009259,0.003152,0.007836,0.006995,0.005938,0.008226,0.00554,0.00304,0.010404,0.007945,0.004208,0.010967,0.009349,0.008226,0.00757,0.006119,0.005639,0.007484,0.004384,0.010282,0.005844,0.012444,0.014564,0.020057,0.008816,0.005776,0.015996,0.013406,0.010667,0.005886
Kirguistán,0.000204,0,0,0.002151,0,0.002648,0.00047,0,0.007119,0.000248,0.000243,0.000602,0,0.000241,0.000768,0.000231,0.000444,0.000214,0.000037,0.000208,0.000637,0,0.001496,0.000916,0.000497,0.001631,0.001081,0.003147,0.004556,0.000318,0.000639,0.000756,0.001943,0.001702,0.000069,0.000953,0.008497,0.016569,0.006775,0.016134,0.009557,0.002451,0.007394,0.005785,0.020656,0.042044,0.027921
Kiribati,0.00005,0,0,0.001239,0,0,0,0.001154,0.000928,0.000296,0,0.000182,0.002838,0.004154,0.005448,0.011782,0.007751,0.008489,0.011345,0.007653,0.002181,0.00065,0.001127,0.002069,0.005714,0.005417,0.006901,0.000625,0,0,0.000343,0,0,0,0,0,0.001954,0,0,0.001486,0.001697,0.004484,0,0,0,0,0
Kosovo,0,0,0,0,0,0,0,0,0,0.000163,0.000298,0,0,0,0,0,0.012171,0.007936,0,0,0.002866,0.004608,0.002214,0.007583,0.005446,0,0,0.00175,0.000869,0.00072,0.002598,0.003484,0.005548,0.002116,0.001305,0.001345,0.001933,0.005164,0.005194,0.003833,0.003464,0.003509,0.002562,0.005345,0.012328,0.000945,0.009162
Kuwait,0.009861,0.024586,0.016511,0.031016,0.027391,0.028612,0.037186,0.04051,0.062915,0.019429,0.018851,0.023623,0.01755,0.022807,0.021126,0.028049,0.030563,0.026605,0.030179,0.035023,0.028387,0.041942,0.024565,0.034762,0.029041,0.029889,0.048343,0.057697,0.036784,0.018913,0.026083,0.03721,0.033073,0.031708,0.019988,0.015509,0.034477,0.032929,0.022759,0.024785,0.032878,0.020883,0.039091,0.037334,0.033844,0.020662,0.035124
Laos,0.000494,0.00074,0,0,0,0,0,0,0,0,0.000108,0,0,0.00041,0,0,0.000184,0,0,0,0,0,0.000214,0,0,0,0.000324,0.000034,0,0,0.001135,0,0,0,0,0,0,0,0.000401,0,0.004776,0,0,0,0,0.000095,0
Letonia,0.00366,0.00106,0.002839,0,0.001171,0.000185,0.000275,0,0.001631,0.001191,0.008982,0.00721,0.000338,0.006066,0.003833,0.003885,0.001546,0.003023,0.010583,0.004154,0.008628,0.008779,0.008782,0.008419,0.004749,0.007079,0.006323,0.000849,0.00025,0.000463,0.000943,0.000733,0.000366,0.000407,0.000268,0.000104,0.001237,0.00315,0.000921,0.001574,0.002014,0.0011,0.006202,0.00556,0.009032,0.00493,0.005136
Líbano,0.044128,0.035894,0.037169,0.022565,0.025698,0.067524,0.072575,0.091164,0.159619,0.055222,0.065185,0.061097,0.055399,0.0487,0.067127,0.057057,0.062236,0.046055,0.042458,0.065338,0.066717,0.063942,0.058915,0.067468,0.049324,0.052212,0.04758,0.044916,0.069825,0.047063,0.040876,0.092538,0.144587,0.073484,0.05201,0.070134,0.036002,0.036563,0.035442,0.043831,0.051623,0.056256,0.049807,0.058651,0.069307,0.025978,0.042567
Liberia,0.001567,0.002402,0.001752,0.009376,0.000253,0.007035,0.004594,0.003171,0.003614,0.000045,0.001867,0.002849,0.001824,0.002847,0.00062,0.000491,0.006061,0.000908,0.000362,0.000378,0,0,0.000887,0.00122,0.001148,0,0.000037,0,0.000039,0.000005,0.001093,0,0,0,0,0.000578,0,0,0,0,0.001486,0,0.003965,0.025718,0.062742,0.007426,0.00034
Libia,0.009611,0.002372,0.006208,0.001902,0.000457,0.004593,0.002171,0.001048,0,0,0,0.001185,0,0,0,0,0,0,0,0,0.000852,0,0,0,0,0.00004,0,0,0,0,0,0,0,0,0,0,0,0,0,0,0,0,0.010252,0,0,0,0
Liechtenstein,0.005297,0.003982,0,0,0,0,0,0,0,0,0,0.001854,0,0,0.000458,0,0,0.002339,0.011361,0.005383,0,0,0.000187,0,0.000088,0,0,0,0.003843,0,0,0.003332,0.00086,0,0,0,0.000414,0,0.000036,0.000195,0,0,0.002262,0.001309,0.000862,0.002401,0.002027
Lituania,0.000091,0.003542,0.000451,0.000695,0.001339,0,0,0.003579,0.00028,0.000566,0.00031,0.001148,0.000435,0.000213,0,0.000457,0.000084,0.000211,0.001206,0.000337,0.000295,0.000324,0.000989,0.000168,0.000325,0.001025,0.001242,0.000721,0.000499,0.000695,0.000687,0.000148,0.001004,0.001395,0.004033,0.001765,0.001854,0.002738,0.001492,0.002715,0.004054,0.006829,0.010759,0.018164,0.009075,0.017328,0.027683
Luxemburgo,0.014871,0.017531,0.011474,0.026594,0.034655,0.033361,0.018659,0.01357,0.119347,0.008297,0.006123,0.005018,0.008678,0.003421,0.002909,0.00646,0.002715,0.006792,0.009523,0.007311,0.00872,0.007624,0.007242,0.006498,0.011666,0.006064,0.008152,0.006966,0.005398,0.004587,0.007285,0.004472,0.003374,0.005494,0.006721,0.004314,0.011091,0.009732,0.010318,0.015012,0.009256,0.005824,0.068515,0.083009,0.041141,0.12422,0.090617
Macao,0,0,0.000053,0,0.000159,0.001218,0,0.000663,0.000976,0.000066,0,0,0,0,0,0,0,0,0,0,0,0,0,0.001974,0.001379,0,0.001888,0,0,0,0.004047,0.003563,0,0,0,0,0,0,0,0,0,0,0,0,0,0,0
Macedonia,0.002956,0.007441,0.014517,0.022825,0.001096,0.000544,0.0009,0,0.021455,0.000108,0.002787,0.004033,0.001471,0.004731,0.005517,0.005216,0.008608,0.002433,0.00495,0.008237,0.002533,0.002878,0.003006,0,0.000727,0.00307,0.006358,0.008341,0,0.00019,0.002075,0.000558,0.001478,0.001921,0.000572,0.00034,0.000963,0.000847,0.002473,0.001044,0.001378,0.001629,0.001673,0.005552,0.001595,0.006581,0.006912
Madagascar,0,0,0,0,0,0,0,0,0,0,0,0,0,0,0,0,0,0,0,0,0,0,0.002047,0.00001,0,0,0,0,0,0,0,0,0,0,0,0,0,0,0,0.000018,0.000161,0,0,0.011378,0.000708,0.000333,0.000167
Malasia,0.013148,0.022154,0.024565,0.013235,0.006491,0.007895,0.017684,0.023649,0.009411,0.00892,0.005049,0.005606,0.003506,0.003319,0.003488,0.00642,0.009769,0.005083,0.004848,0.009099,0.006536,0.006406,0.014999,0.005609,0.001299,0.001344,0.003452,0.006935,0.002779,0.000368,0.001532,0.00097,0.001528,0.001092,0.002043,0.002987,0.000746,0.007598,0.005169,0.004479,0.001621,0.000903,0.041077,0.044292,0.038022,0.024293,0.014586
Malawi,0,0,0,0,0,0,0,0.004027,0,0,0,0,0,0,0,0,0,0,0,0,0,0,0,0,0,0,0,0,0,0.000341,0.000599,0.000466,0,0,0,0.000004,0.000067,0,0,0,0.000026,0,0,0,0,0,0
Maldivas,0.007523,0,0,0,0,0,0,0,0,0,0,0,0,0,0,0,0.002023,0,0,0.000402,0.00313,0.001288,0.001056,0.001488,0.000328,0.000169,0.000212,0.001575,0.002914,0,0,0.000768,0.001836,0.001078,0,0.002432,0.002112,0.001221,0,0.000105,0,0,0,0.013049,0.00803,0,0.001058
Malí,0.010821,0.017301,0.012113,0.012637,0.012352,0.006486,0.00468,0.006258,0.021393,0.001028,0.001443,0.000626,0.002937,0.002276,0.002342,0.002062,0.001192,0.001794,0.002194,0.001995,0.000736,0.000765,0.00089,0.000912,0.001338,0.001606,0.001228,0.003276,0.008162,0.00026,0.000749,0.002781,0.008929,0.000031,0.015887,0.030664,0.000037,0.00539,0.00712,0.008816,0.01929,0.017095,0.013254,0.033962,0.009319,0.005524,0.002964
Malta,0.000106,0,0,0.002073,0.001925,0.005677,0.004928,0.004888,0.004253,0.003071,0.005245,0.002376,0.003233,0.002389,0.001544,0.00505,0.006152,0.006275,0.002612,0.005763,0.011341,0.001337,0.000492,0.000689,0,0.00176,0.000828,0.000736,0.00021,0,0,0,0,0,0.000429,0,0,0.000269,0.000971,0.000177,0,0.008918,0.025625,0.018469,0.018494,0.022423,0.019103
Marianas del Norte,0,0,0,0,0,0,0,0,0,0,0,0,0,0,0,0,0,0,0,0,0,0,0,0,0,0,0,0,0,0,0,0,0,0,0,0,0,0,0,0,0,0.00031,0,0.000168,0,0.041577,0.011867
Marruecos,0,0,0,0,0,0,0,0,0.001043,0,0,0,0.002235,0.000082,0.000262,0.000657,0.000633,0,0.000051,0,0.000888,0.000315,0,0.002095,0.000673,0.000807,0.002622,0.003059,0.005619,0.004416,0.010878,0.006314,0.008651,0.009972,0.017714,0.013092,0.013395,0.00676,0.00831,0.004566,0.00632,0.005365,0.007435,0.01732,0.02903,0.022206,0.025354
Martinica,0,0,0,0,0,0,0,0,0,0,0,0,0,0,0,0,0,0,0,0,0.000027,0,0.000135,0.00011,0.000061,0.000073,0.002617,0.002326,0.001441,0.001202,0.001369,0.000723,0.000778,0.004216,0.013955,0.006994,0.004733,0.003192,0.00511,0.007238,0.010877,0.014206,0.008472,0.023148,0.007116,0.002241,0.000215
Mauricio,0.000128,0.001236,0.001355,0.001032,0.001022,0.003208,0.003509,0.003516,0.00728,0.000148,0.000463,0,0.000461,0.000717,0.002361,0.000773,0.000144,0.002164,0.000839,0.00082,0.001423,0.000319,0.000242,0.001976,0.000232,0.006043,0.000665,0.001435,0.000273,0.000226,0.000143,0.000048,0,0.000024,0.000373,0.000097,0,0.000005,0.000064,0.000021,0,0.001368,0.000176,0.000065,0,0.000012,0
Mauritania,0,0,0,0,0,0,0,0,0,0,0,0,0,0,0,0,0,0,0,0,0,0,0.000198,0.000186,0.000038,0.000191,0,0,0,0,0,0,0,0,0,0,0,0,0,0,0.000579,0,0,0.000764,0,0,0
Moldavia,0.000244,0.001181,0,0,0,0.000155,0.008607,0.000531,0.039626,0.000006,0.000129,0.000873,0.000367,0.00068,0.000893,0.000733,0.000046,0.000765,0.000945,0.000754,0.000134,0.000227,0.000325,0.001978,0.000695,0.000475,0.00032,0.001182,0.001862,0.000069,0.000684,0.000731,0.004249,0.000146,0.002244,0.000736,0.000005,0.000709,0.000802,0.001897,0.000859,0.002618,0.001836,0.012584,0.006074,0.007803,0.010331
Mónaco,0,0,0,0,0,0,0,0.00024,0,0.000265,0,0,0,0,0,0,0,0,0,0,0,0,0,0,0,0,0,0,0,0,0,0,0,0,0,0,0,0,0,0,0,0,0,0.0092,0,0,0
Mongolia,0,0.000119,0.00202,0,0.004089,0.000456,0.001821,0.000944,0.000163,0.001476,0.000038,0.000895,0.000295,0.000034,0.000035,0.000036,0.00007,0.000058,0.000036,0.001319,0.000364,0.001135,0.000896,0.000626,0.000051,0.000069,0.000137,0.000391,0.000575,0.00007,0.000093,0.000189,0.001203,0.005943,0.001987,0.000083,0.001528,0.000754,0.00671,0.001795,0.001278,0.0001,0,0,0,0.000383,0
Montenegro,0,0,0,0,0,0,0,0,0,0,0.000162,0,0,0,0,0,0,0.000104,0.000909,0.001279,0,0.001655,0.001162,0.000664,0.001744,0.002124,0.004471,0.000838,0.00125,0.000509,0.002412,0.000561,0,0.000636,0.00019,0.00019,0.000629,0.005946,0.006262,0,0.00025,0.01194,0.020042,0.001898,0,0.007873,0.020401
Montserrat,0.000146,0,0,0,0,0,0,0,0,0,0,0,0,0.000152,0,0,0,0,0,0,0,0,0,0,0.000045,0,0,0,0,0.001144,0,0,0,0.000037,0.000038,0.00001,0.00001,0,0,0,0,0.00018,0.00083,0.003221,0.001115,0.003392,0.000652
Mozambique,0.002925,0.001126,0.001192,0.001102,0.002949,0.002584,0.015124,0.010187,0.012373,0.001848,0.001798,0.002777,0.001468,0.003703,0.001273,0.00153,0.000703,0.001952,0.000547,0.006544,0.00036,0.000685,0.000378,0.000922,0.001713,0.001863,0.001284,0.004526,0.000798,0.001118,0.000024,0.001668,0.002066,0.000462,0.002727,0.005627,0.004101,0.00649,0.005026,0.007847,0.004452,0.003465,0.004667,0.018102,0.016893,0.011207,0.012412
"Myanmar, Birmania",0,0,0,0,0,0,0,0,0,0,0,0,0,0,0,0,0,0,0,0,0,0.002858,0,0.000665,0.003196,0,0.000325,0.00103,0.001422,0.001265,0.003945,0.0032,0,0,0,0,0,0,0,0,0,0,0,0,0,0,0
Namibia,0,0.001205,0,0.000514,0,0.001179,0.001165,0.000367,0.00228,0,0.00004,0.001188,0.00377,0.001808,0.002868,0,0,0.000003,0,0.000041,0,0,0.000084,0,0.001175,0.000025,0.000138,0.001075,0.000117,0,0.000066,0.000483,0,0,0,0,0.000111,0.000139,0.000519,0.004455,0.000237,0.000112,0.001511,0.003597,0.000419,0,0
Nepal,0,0,0,0,0,0,0,0,0,0,0,0,0,0,0,0,0.000219,0,0,0,0,0,0,0,0,0,0,0,0,0,0,0,0,0,0,0,0,0,0,0,0,0,0,0,0,0,0
Nicaragua,0.411487,0.591235,0.479434,0.412201,0.520047,0.393667,0.334422,0.250658,0.443397,1.406691,1.42179,1.535821,1.32833,1.786891,1.832869,1.328314,1.253878,1.279904,1.455265,1.68329,1.605332,1.504371,4.614331,5.844539,2.199729,2.425289,2.31853,3.017863,3.548539,1.7212,1.87049,2.778056,3.001579,4.656004,8.308958,10.436534,16.570596,27.039601,16.776345,35.888401,5.404434,2.897598,1.386665,3.49163,4.21311,2.096753,1.408226
Niger,0,0,0,0,0,0.001105,0,0.001227,0,0,0,0,0.000484,0.000006,0.000874,0.000007,0.000077,0.000036,0.000006,0.000007,0,0,0.000141,0,0,0.000028,0.000045,0,0,0,0.000002,0.001216,0,0,0,0,0,0,0,0,0.000076,0.000222,0.000381,0,0.001896,0.000088,0.000827
Nigeria,0.000806,0,0.001694,0,0,0,0,0.007228,0.023033,0.008173,0.023989,0.032007,0.004808,0.006318,0.006951,0.009043,0.00386,0.008058,0.01653,0.012046,0.006886,0.010841,0.011636,0.007898,0.003517,0.003749,0.012378,0.004693,0.005618,0.002458,0,0,0,0,0.00001,0,0,0,0,0,0,0.001572,0,0.000155,0.000175,0,0
Niue,0,0,0,0,0,0,0,0,0,0,0,0,0,0,0,0,0,0,0,0,0,0,0,0,0,0,0,0,0,0,0,0,0,0,0,0,0,0,0,0,0,0,0,0.00192,0,0,0
Noruega,0.066021,0.058181,0.052956,0.047763,0.030437,0.024567,0.053818,0.01935,0.061746,0.017535,0.020406,0.020979,0.020594,0.030065,0.033903,0.029376,0.030714,0.024919,0.02601,0.026997,0.023532,0.019118,0.024975,0.024514,0.022575,0.024689,0.028774,0.022779,0.021681,0.027728,0.025729,0.032901,0.034718,0.032913,0.047463,0.034613,0.034691,0.041231,0.04377,0.071396,0.067514,0.079116,0.199937,0.302077,0.223685,0.271056,0.246655
Nueva Caledonia,0.001912,0,0,0,0,0,0,0,0,0,0,0.000359,0,0,0,0,0,0,0,0,0,0,0,0,0,0,0,0,0,0,0,0,0,0,0,0,0,0,0,0,0,0,0,0,0.002026,0,0
Nueva Zelanda,0.017302,0.02755,0.015847,0.01003,0.019448,0.023407,0.022189,0.029029,0.065662,0.011138,0.023416,0.014781,0.011722,0.013091,0.016443,0.015719,0.013462,0.008958,0.023388,0.027867,0.036644,0.030628,0.019929,0.043506,0.01731,0.008223,0.01165,0.012981,0.012064,0.011046,0.091912,0.01896,0.019085,0.022993,0.023484,0.038309,0.021785,0.027925,0.012908,0.025613,0.026241,0.055258,0.112124,0.1841,0.12095,0.13665,0.117773
Omán,0.003616,0.014279,0.003388,0.012944,0.032715,0.044493,0.041533,0.02536,0.060009,0.023239,0.033896,0.031271,0.011504,0.021457,0.011504,0.016813,0.010283,0.004207,0.006953,0.009766,0.010986,0.014887,0.02135,0.012359,0.007552,0.007423,0.011961,0.010632,0.011529,0.010767,0.010335,0.010137,0.011817,0.007952,0.005728,0.008736,0.008239,0.017383,0.013849,0.013364,0.013507,0.015672,0.06963,0.09221,0.06677,0.356622,0.360934
Países Bajos,0.201967,0.311709,0.234539,0.267599,0.204582,0.265214,0.181084,0.191635,0.383783,1.088481,0.943067,1.086218,0.802165,1.113186,0.963773,0.929598,0.918798,1.303602,1.36702,1.54575,2.113239,1.442548,2.011304,2.524796,2.052709,1.659225,1.866952,2.222272,1.922425,1.802947,1.909095,1.971886,1.867472,2.072909,2.080965,2.307379,1.773526,1.762932,1.061397,1.217483,1.135924,1.252345,1.039566,1.171856,0.983149,1.100065,1.06504
Pakistán,0.004126,0.006662,0.014786,0.013062,0.031505,0.025241,0.020116,0.018706,0.069668,0.032128,0.019051,0.01402,0.031561,0.02623,0.032692,0.029876,0.021602,0.021052,0.023672,0.01813,0.014,0.016009,0.014152,0.00952,0.004331,0.006472,0.005416,0.005562,0.004472,0.007034,0.002776,0.00288,0.0039,0.019172,0.022202,0.022207,0.017358,0.022026,0.016179,0.042349,0.015459,0.010941,0.01284,0.023413,0.013528,0.00426,0.007713
Palaos,0,0,0,0,0,0,0,0,0,0,0,0,0,0,0,0,0,0,0,0,0,0,0,0,0,0.000198,0,0,0,0,0,0,0,0.000313,0,0,0,0,0,0,0,0,0,0,0,0,0
Palestina,0.001029,0.003469,0.0009,0.002718,0.002875,0.005397,0.000256,0.000632,0.003843,0.001171,0.000196,0,0.00203,0.000213,0.009846,0.007224,0.007188,0.013533,0.005098,0.006925,0.014179,0.006009,0.003845,0.001765,0.00257,0.003023,0.010378,0.001599,0.003856,0.001101,0.001685,0.000846,0.000606,0.000316,0.003118,0.002972,0.000487,0.000343,0.000047,0.001398,0.000688,0.00409,0.010307,0.003439,0.002089,0.003304,0.004004
Panamá,1.065694,1.14526,0.982541,0.773532,0.710169,0.753325,0.677051,0.60864,1.356423,4.175222,4.59225,4.93137,4.999943,5.425731,4.971875,5.151204,5.528524,5.952503,7.44278,8.069092,7.216072,7.32762,8.462501,9.009593,9.431172,9.8774,10.087898,10.565774,8.995906,5.377077,7.008672,8.60012,7.992173,9.630963,11.899888,13.496643,11.347752,13.731854,7.552758,7.741852,6.024948,5.592924,2.406514,2.324944,2.235113,2.227228,2.018729
Papúa-Nueva Guinea,0.000163,0,0,0.000484,0,0,0,0.000084,0,0,0.000038,0,0.000031,0.000023,0,0,0.000466,0.001136,0.001224,0.003819,0.003417,0.003058,0.001646,0.001871,0.003019,0.002345,0.000544,0.001003,0.00169,0.000037,0.002818,0,0.000127,0.001465,0,0,0,0,0,0,0,0,0,0,0,0,0
Paraguay,0.144764,0.187118,0.227112,0.218421,0.158334,0.163255,0.163574,0.101397,0.311106,0.062993,0.051097,0.076829,0.043923,0.039782,0.050369,0.047256,0.068956,0.071523,0.0732,0.082846,0.083375,0.095824,0.074683,0.087331,0.067759,0.068069,0.057245,0.054142,0.05561,0.054022,0.071868,0.063858,0.056577,0.057913,0.066461,0.059498,0.060916,0.050947,0.067553,0.073277,0.080626,0.055343,0.199996,0.230501,0.175826,0.202979,0.21809
Perú,1.038338,1.190552,1.132947,1.090417,0.91675,0.965957,1.01251,1.130736,2.520108,3.509487,3.744316,4.011471,3.457289,4.251047,3.907776,4.322133,4.262301,5.091955,5.571217,6.870074,6.905,6.195746,8.77142,9.683582,9.671586,10.185008,11.151485,12.210907,10.05676,6.776816,11.179028,13.182454,13.471755,15.472729,19.760747,22.575603,21.604486,35.181957,23.052565,23.167012,17.951473,20.269052,6.346306,6.648913,6.104157,8.040324,5.744563
Polinesia Francesa,0.003046,0.0013,0,0,0,0,0,0.001025,0,0.000204,0,0,0,0,0.000565,0,0,0,0,0.001356,0.008137,0.001331,0,0,0,0,0,0,0,0,0,0,0,0,0,0,0,0,0,0,0,0,0,0,0,0,0
Polonia,0.026675,0.055334,0.025579,0.00476,0.010999,0.004903,0.003308,0.006828,0.005698,0.002086,0.008584,0.016652,0.015436,0.025871,0.018576,0.021966,0.016625,0.024796,0.035438,0.036736,0.031736,0.046614,0.029099,0.012276,0.019202,0.011011,0.011625,0.010283,0.009192,0.013653,0.021914,0.021093,0.013078,0.015716,0.028977,0.039208,0.021354,0.02296,0.03365,0.034507,0.038063,0.028824,0.101423,0.114844,0.117244,0.235477,0.224617
Portugal,0.186621,0.505695,0.30112,0.126083,0.368911,0.156315,0.098283,0.133355,0.443647,0.0576,0.064697,0.076273,0.064129,0.030895,0.041035,0.028541,0.039493,0.026215,0.053416,0.054414,0.054306,0.098335,0.048367,0.062884,0.041706,0.039201,0.050055,0.048721,0.044701,0.038561,0.034283,0.049764,0.035757,0.06789,0.059751,0.059758,0.062851,0.127733,0.070634,0.085655,0.11897,0.114172,0.389053,0.363954,0.288711,0.303771,0.323741
Qatar,0.031626,0.03976,0.043413,0.086308,0.058556,0.06763,0.068215,0.042941,0.053949,0.014577,0.018415,0.026879,0.042486,0.052512,0.093432,0.0799,0.10397,0.074991,0.058111,0.051456,0.037881,0.047813,0.053591,0.03884,0.040821,0.023371,0.0294,0.03931,0.023868,0.022265,0.017871,0.026794,0.028065,0.037019,0.023831,0.021687,0.034508,0.030983,0.051756,0.052147,0.058055,0.047491,0.048438,0.058857,0.052678,0.047812,0.107978
Reino de Lesoto,0,0,0,0,0,0,0,0,0,0,0.000219,0.00011,0.000185,0.000081,0.000222,0.000089,0.000097,0.000093,0.000155,0,0.00072,0.000192,0,0.00003,0.000178,0.000102,0.000447,0,0,0,0,0,0,0,0,0,0,0,0,0,0,0.063827,0,0.205607,0,0,0
Reino Unido,1.067586,1.768767,1.124002,1.379303,1.461036,1.636041,1.277609,2.050218,2.822845,3.362755,4.411266,3.947957,2.695693,2.961471,2.491136,2.530997,2.577549,2.69679,3.502737,3.369256,2.959521,3.261731,3.105153,3.081298,2.651368,2.958308,3.129355,3.298607,3.024936,2.293895,3.125519,3.68041,3.632259,4.583516,4.771548,5.964734,5.633045,5.305494,4.573674,5.033996,5.692718,5.306943,1.843126,2.13375,2.205161,2.001898,1.958225
República Centroafricana,0,0,0,0,0,0,0,0,0,0,0,0,0,0,0,0,0.000008,0,0,0,0,0,0,0,0,0,0,0,0,0,0,0,0,0,0,0,0,0,0,0,0,0,0,0.001453,0.000718,0,0
República Checa,0.015368,0.016944,0.020004,0.005618,0.020056,0.00844,0.002902,0.029456,0.01906,0.005488,0.009386,0.023659,0.000306,0.006607,0.002696,0.00358,0.001668,0.003848,0.008288,0.00519,0.005317,0.011894,0.012102,0.006987,0.008279,0.013455,0.011523,0.008024,0.008547,0.006136,0.003911,0.007761,0.006805,0.019486,0.007418,0.003647,0.015009,0.007,0.00761,0.003984,0.008351,0.006438,0.012724,0.012703,0.012561,0.013515,0.018587
República de Abjasia,0,0,0,0,0.000152,0.000755,0,0.000431,0.001687,0.000429,0.000428,0,0.000626,0.000645,0.002631,0.003197,0.002943,0.00188,0.000773,0.00134,0.004946,0.000366,0.001447,0.000252,0.004234,0,0.000459,0.00228,0.000101,0,0.000541,0.001956,0,0,0.001086,0.001921,0.00056,0.006456,0.006194,0.017928,0.014369,0.001537,0.002244,0.026796,0.001233,0.003942,0.009757
República del Congo,0.009518,0.017997,0.017367,0.010422,0.021394,0.021884,0.029758,0.031883,0.029009,0.026179,0.002122,0.00397,0.005858,0.008034,0.013183,0.010275,0.010164,0.015725,0.018021,0.016547,0.01269,0.004134,0.004569,0.00596,0.00653,0.00469,0.007603,0.008149,0.017475,0.003694,0.005734,0.019918,0.015138,0.009307,0.012643,0.003265,0.01704,0.005569,0.017055,0.011879,0.012172,0.008775,0.013744,0.039744,0.029781,0.0196,0.028831
República Democrática del Congo,0,0,0,0,0,0,0,0,0.003962,0.00448,0.019447,0.006089,0.003915,0.004929,0.002565,0.008869,0.00796,0.008512,0.003003,0.003219,0.009031,0.013299,0.013114,0.03328,0.022687,0.052013,0.058726,0.074429,0.069303,0.028127,0.031463,0.029112,0.037539,0.033061,0.051775,0.066469,0.071764,0.099527,0.092356,0.090502,0.287818,0.147863,0.063968,0.104783,0.157873,0.253407,0.215347
República Dominicana,0.484974,0.510988,0.446154,0.347432,0.298244,0.304872,0.338822,0.259334,0.503626,7.044304,6.378698,5.256178,5.38441,4.736964,3.247596,3.268705,4.107906,3.917249,4.235758,5.477243,5.68995,4.685428,6.027142,5.863727,4.795079,5.083927,5.842347,6.019444,5.298762,3.19265,4.218595,6.361689,8.241647,8.05018,11.289398,14.300627,10.588415,14.653596,9.827687,28.096682,19.740909,11.00485,4.306818,8.891552,8.422867,6.683795,5.615441
República Guinea,0.019008,0.004071,0.001449,0.004954,0.004099,0.020673,0.008161,0.007304,0.01236,0,0.002544,0,0,0,0,0,0,0,0,0,0,0.002036,0.005967,0.002938,0.003548,0.011699,0.007444,0.018104,0.003034,0.000578,0.003024,0.015225,0.008715,0.00542,0.003871,0.002465,0.000117,0.003526,0.009746,0.039092,0.04165,0.043661,0.079809,0.20932,0.159303,0.017154,0.023267
Reunión,0,0,0,0,0,0,0,0,0,0,0,0,0,0,0,0,0.000402,0,0,0,0,0,0.000056,0.000324,0.000062,0,0.000053,0,0.000011,0.000205,0.000108,0.00065,0.000747,0.000712,0,0.001264,0.000032,0.000043,0.000131,0.000589,0.000269,0.000077,0,0.00537,0,0,0
Ruanda,0.000775,0,0,0,0,0,0,0,0,0.001712,0.001963,0,0.000022,0.000491,0,0,0.001469,0,0,0,0.00032,0.000588,0.000318,0.000669,0,0.000939,0,0.000652,0.000058,0,0.000231,0,0,0,0.003163,0,0.000106,0,0,0.000696,0.002843,0.001096,0.001071,0.000153,0.002946,0.002673,0.004648
Rumanía,0.09908,0.056401,0.068431,0.030814,0.034077,0.047566,0.033263,0.043417,0.07628,0.016437,0.011891,0.011742,0.005976,0.015926,0.023959,0.025761,0.019601,0.019158,0.026007,0.021521,0.020218,0.025006,0.020384,0.020128,0.023063,0.032349,0.015877,0.021203,0.011626,0.022036,0.015834,0.032455,0.031861,0.033534,0.028351,0.024675,0.026131,0.039676,0.024907,0.024794,0.020107,0.027056,0.080456,0.104919,0.064703,0.073494,0.073843
Samoa,0.000122,0,0.000286,0.001343,0,0.000987,0.000942,0.000204,0.000201,0,0.001892,0,0,0.00096,0.000817,0.000337,0.000144,0,0.001112,0.000156,0,0,0.00025,0.000802,0.001704,0.008944,0.013339,0.004042,0,0.000021,0.000365,0,0.000273,0,0.000181,0,0.000176,0,0,0,0,0.000846,0,0.007439,0,0.000598,0.000094
San Cristobal y Nevis,0.002242,0.00519,0.005201,0.004983,0.00128,0.002013,0.005794,0.001679,0.014877,0.00495,0.003522,0.006607,0.00791,0.012654,0.013249,0.013642,0.05917,0.043461,0.013517,0.013723,0.006934,0.005522,0.012377,0.015258,0.007203,0.000626,0.001713,0.004419,0.003004,0.003699,0.006634,0.002861,0.001668,0.002015,0.003553,0.002296,0.002967,0.005594,0.018288,0.017889,0.022767,0.023717,0.020476,0.01152,0.007348,0.00623,0.00782
San Marino,0,0,0,0,0,0,0,0,0,0,0,0,0,0,0,0,0,0,0,0,0,0,0,0,0,0,0,0,0,0,0,0,0,0,0,0,0,0,0,0,0,0,0,0,0.001438,0.001724,0.000176
San Vincente y Granadinas,0.002263,0.002922,0.004133,0.001189,0.002813,0.004768,0.002342,0.004499,0.013612,0.001906,0.002311,0.002557,0.00301,0.002631,0.002658,0.00351,0.002176,0.002811,0.003549,0.002544,0.002663,0.002191,0.002961,0.000643,0.000182,0.001339,0.000308,0.000453,0.000962,0.000023,0.000053,0.000173,0.000052,0.000025,0.000111,0.000348,0.000024,0.000459,0.000599,0.000369,0.000992,0.001188,0.000203,0.018126,0.00097,0.001849,0.000098
Santa Lucía,0.00307,0.001046,0.000161,0.000055,0.001197,0.001399,0,0.001316,0.001303,0,0,0.000147,0.000641,0.001618,0.00201,0.00273,0.003874,0.001932,0.006156,0.004441,0.003798,0.001509,0.000591,0.001157,0.000478,0.000899,0.001088,0.003641,0.000707,0.000783,0.00003,0.000206,0.00003,0.000099,0.000232,0.004403,0.001966,0.002147,0.000459,0.000417,0.000319,0.000796,0.007176,0.009255,0.006373,0.015245,0.006825
Santo Tomé y Príncipe,0,0,0,0,0,0.000381,0.001241,0.00154,0.002335,0.000598,0,0,0,0,0,0,0,0,0,0,0,0,0,0,0,0,0,0,0,0,0,0,0,0.000626,0,0,0,0,0,0,0,0,0,0.000107,0,0.000588,0.000517
Senegal,0.003166,0.001363,0.001508,0.001077,0.001231,0,0.000869,0.008161,0.00952,0.000694,0.000204,0.001025,0.005159,0.003104,0.00358,0.00294,0.004423,0.00581,0.003075,0.005848,0.000748,0.003139,0.005988,0.003849,0.01155,0.0072,0.005784,0.007577,0.084698,0.004211,0.008214,0.007533,0.007171,0.014141,0.006764,0.009945,0.049759,0.022781,0.021682,0.088231,0.180081,0.223027,0.416687,0.192275,0.05951,0.021289,0.008645
Serbia,0.001929,0.003544,0.003485,0.006235,0.007026,0.006551,0.007556,0.002996,0.005812,0.002276,0.003013,0.00226,0.003014,0.002413,0.001519,0.002005,0.007814,0.00843,0.004205,0.007371,0.01051,0.007901,0.00959,0.01601,0.009331,0.008189,0.006267,0.016098,0.016,0.014152,0.013266,0.016287,0.01234,0.010442,0.008256,0.009266,0.009998,0.008125,0.015108,0.018074,0.009464,0.031406,0.021956,0.04548,0.020797,0.017946,0.015464
Sierra Leona,0.00031,0,0.000965,0.003661,0.002247,0,0,0,0.001945,0,0,0,0.000967,0.00077,0.000203,0.000212,0.001447,0.000962,0.000843,0.00024,0.001773,0.000261,0.000272,0,0.002147,0.000461,0.001067,0.001675,0.000439,0.002416,0.001429,0.000826,0.000115,0.000569,0,0.000764,0.004576,0.000364,0.007688,0.008139,0.000806,0.006767,0.003876,0.046892,0.033415,0.003003,0.000133
Singapur,0.019903,0.046673,0.016192,0.007631,0.020309,0.048231,0.07124,0.130757,0.096401,0.056194,0.049362,0.100709,0.040263,0.041609,0.051108,0.067452,0.06419,0.061751,0.068368,0.069782,0.065319,0.075781,0.046371,0.004135,0.011359,0.002766,0.003322,0.00513,0.003359,0.002964,0.003059,0.002991,0.002816,0.012262,0.012159,0.013782,0.00555,0.004919,0.006459,0.008203,0.005117,0.006281,0.020057,0.027369,0.02438,0.045406,0.016276
Siria,0.000975,0.001667,0.000082,0,0.000487,0.004541,0,0,0.000293,0,0.001897,0.00095,0.000949,0.001442,0.000572,0,0.000498,0.000976,0.002547,0,0,0,0,0,0,0,0,0,0,0.000371,0.000401,0,0.0004,0,0.000371,0,0,0,0,0,0,0,0,0,0,0,0
Sri Lanka,0,0,0,0,0,0,0,0,0,0,0,0,0,0,0,0,0,0,0,0,0,0,0,0,0,0,0,0,0,0,0,0,0,0,0,0,0,0,0,0,0,0,0,0,0,0,0
Sudáfrica,0.039294,0.019274,0.018865,0.027661,0.032422,0.021443,0.021035,0.023995,0.080461,0.008505,0.006313,0.009124,0.010328,0.023867,0.021761,0.01403,0.011944,0.016332,0.015674,0.011648,0.019282,0.020073,0.011452,0.008578,0.008111,0.0116,0.028752,0.015854,0.01243,0.010648,0.017603,0.009472,0.010365,0.011265,0.011663,0.013104,0.013074,0.021823,0.021608,0.016271,0.016143,0.016746,0.0617,0.061211,0.051628,0.098706,0.085363
Sudán,0,0,0,0,0,0,0,0,0,0,0,0,0,0.000298,0.000307,0.000321,0,0,0.000316,0.00033,0.001029,0.000306,0.004522,0.000239,0.003249,0.001679,0.007038,0.008301,0.006492,0.001801,0.005634,0.005267,0.004045,0.003211,0.001437,0.000644,0.000347,0.000541,0.007514,0.020649,0.007498,0.01145,0,0.012773,0.006326,0.002822,0.000578
Suecia,0.101362,0.078599,0.087318,0.180478,0.107926,0.083413,0.062374,0.057345,0.075741,0.026244,0.036702,0.032679,0.023296,0.045491,0.038513,0.041603,0.029972,0.026156,0.040447,0.037446,0.038205,0.043743,0.044573,0.044517,0.047864,0.031788,0.061962,0.051481,0.052492,0.046926,0.08539,0.084749,0.069192,0.085504,0.090386,0.108644,0.119249,0.132439,0.121517,0.147673,0.192885,0.230646,0.460704,0.488508,0.454217,0.50631,0.475525
Suiza,0.473769,0.463438,0.417105,0.427567,0.302668,0.367394,0.301707,0.268358,0.721946,1.851661,1.788395,1.960096,1.721106,1.754168,1.658831,1.680091,1.532798,1.898506,1.951171,2.405459,1.946788,2.33676,2.437068,2.422159,2.444085,2.624518,2.675546,2.812981,2.669876,3.048356,3.360069,4.232433,4.36447,4.200665,4.590142,4.910786,4.373479,4.258262,2.348544,2.630181,2.453957,2.668143,1.181125,1.544483,1.253027,1.138941,1.29202
Surinam,0.004418,0.006217,0.003049,0,0.007471,0.000408,0.001094,0.003896,0.000961,0.002492,0.000271,0.001176,0.007005,0.00394,0.006557,0.02552,0.006592,0.015573,0.007318,0.006034,0.009867,0.007568,0.022003,0.029435,0.013177,0.007835,0.020344,0.026985,0.027279,0.024951,0.021968,0.025604,0.021761,0.018549,0.018104,0.027216,0.010501,0.027171,0.021333,0.018149,0.017527,0.017826,0.041247,0.047188,0.048291,0.032794,0.026994
Swazilandia,0,0.002722,0.005799,0,0,0,0,0,0,0,0,0,0,0,0,0,0,0,0,0,0,0,0,0,0,0,0,0,0,0,0,0,0,0,0,0,0,0,0,0,0,0,0,0,0,0,0
Tailandia,0.011524,0.010094,0.044155,0.064946,0.060517,0.054398,0.0576,0.139965,0.285635,0.073523,0.029761,0.01619,0.033159,0.0135,0.025002,0.031581,0.023833,0.015105,0.015066,0.028357,0.007285,0.018453,0.009639,0.017104,0.005316,0.012139,0.007448,0.012816,0.001575,0.004585,0.005908,0.005675,0.011243,0.018288,0.019709,0.021451,0.021466,0.019408,0.021467,0.029208,0.011819,0.008027,0.067664,0.054366,0.042956,0.045641,0.041548
Taiwan,0.010744,0.0072,0.00664,0.008043,0.002166,0.010924,0.002701,0.003718,0.004225,0.002002,0.000762,0.001632,0.001958,0.001418,0.002708,0.001779,0.001678,0.013821,0.003827,0.002629,0.00341,0.001805,0.00019,0,0.000169,0,0,0,0,0,0,0,0,0.000035,0,0.001723,0,0.004137,0,0,0.000008,0.001443,0.033795,0.024629,0.015856,0.021305,0.01463
Tanzania,0.000546,0.001688,0.002027,0.000483,0.000443,0.000187,0.001032,0.002763,0.030442,0.000245,0.00006,0.000097,0.002394,0,0,0.001918,0.005928,0.010027,0.003692,0.002475,0,0.000141,0.002032,0.003853,0.002663,0.002742,0.002488,0.001363,0.000911,0.001121,0.003036,0.000948,0.001367,0.002441,0,0.002064,0.000163,0.003071,0.004392,0.012544,0.007845,0.009205,0.006824,0.018582,0.006104,0.006416,0.002985
Tayikistán,0,0.000128,0,0.00076,0.00039,0.000239,0.000235,0.000395,0.001061,0.000466,0.000561,0,0.000217,0.000472,0.000726,0.000543,0,0,0.000184,0.000527,0.000024,0.000024,0.000607,0,0,0,0,0.00131,0,0,0,0,0,0,0,0,0,0.001953,0.001117,0.002781,0.001151,0,0.000721,0.002052,0,0,0
Timor Oriental,0,0,0,0,0,0,0,0,0,0,0.000221,0,0,0,0,0,0.000184,0.000057,0,0,0,0,0,0,0,0,0,0,0,0,0.00075,0,0,0,0.000154,0,0,0.000067,0,0,0,0,0,0.003292,0,0.00149,0
Togo,0.000192,0.00049,0.016593,0.01414,0.005474,0.015222,0.003816,0.002785,0.045283,0.001863,0.001154,0.002352,0.003056,0.004048,0.002769,0.004444,0.003287,0.002221,0.003305,0.005107,0.005377,0.001181,0.001044,0.000166,0.000569,0.004895,0.001555,0.006132,0.002235,0.000712,0.001764,0.00109,0.004278,0.005987,0.005032,0.021826,0.013757,0.005707,0.014139,0.004773,0.009289,0.009837,0.011577,0.055768,0.08894,0.157278,0.122396
Trinidad y Tobago,0.012143,0.025296,0.012911,0.024049,0.037828,0.075765,0.050187,0.045885,0.093304,0.019584,0.02528,0.024585,0.015615,0.021167,0.030175,0.03619,0.03439,0.012562,0.013001,0.019612,0.012143,0.013604,0.005619,0.005908,0.003013,0.006025,0.009988,0.006375,0.006072,0.003583,0.052062,0.059439,0.321641,0.192911,0.0083,0.009397,0.010451,0.008632,0.014761,0.016281,0.011303,0.009426,0.06415,0.091023,0.052287,0.070694,0.088067
Túnez,0.000245,0.000062,0,0,0,0,0,0.000125,0,0,0.0001,0.000195,0.000221,0.001455,0,0.002229,0,0,0.000767,0,0,0,0,0,0,0,0,0,0,0,0,0,0,0,0,0,0,0,0,0,0,0,0,0,0,0,0
Turkmenistán,0,0,0,0,0,0,0,0,0,0,0,0,0,0,0,0,0,0,0,0,0,0,0,0.000313,0.000156,0.000627,0.000417,0,0.000493,0.000196,0.000192,0,0,0,0,0,0,0,0,0,0,0,0,0,0,0,0
Turquía,0.026625,0.045237,0.105611,0.109603,0.166092,0.110945,0.112241,0.057588,0.057701,0.030906,0.050818,0.035989,0.044931,0.048868,0.049163,0.052223,0.038201,0.058391,0.082967,0.093107,0.072634,0.059284,0.063492,0.049798,0.063223,0.045066,0.051651,0.06891,0.095233,0.057004,0.040956,0.048287,0.079256,0.062485,0.076585,0.068042,0.071962,0.080051,0.08615,0.084433,0.089581,0.073664,0.082335,0.102568,0.074231,0.047269,0.052825
Tuvalu,0,0,0,0,0,0,0,0,0,0,0,0,0,0,0,0,0,0,0,0,0,0,0,0,0,0,0,0,0,0,0,0,0,0,0,0,0,0,0,0,0,0,0,0.002201,0,0,0
Ucrania,0.026266,0.036679,0.017111,0.039658,0.018906,0.021512,0.023818,0.025626,0.040873,0.017425,0.014919,0.006504,0.013361,0.010002,0.011078,0.015965,0.014216,0.022921,0.027564,0.016272,0.018294,0.00998,0.015844,0.022537,0.03511,0.019675,0.030559,0.029564,0.046033,0.049631,0.039038,0.052529,0.051835,0.0679,0.031591,0.026986,0.031814,0,0.000778,0,0,0,0,0,0,0,0
Uganda,0.000049,0.001696,0.002158,0.000598,0.000327,0.001445,0.000036,0.000504,0.002131,0.002197,0.002259,0.000547,0.000852,0.000736,0.001775,0,0.001231,0.001125,0.003008,0.00344,0.000174,0.000139,0.003397,0.007862,0.001169,0,0,0.001204,0.001514,0.000123,0,0.003994,0.001003,0.004681,0.001444,0.001203,0.000628,0.000318,0.001758,0.001442,0.000489,0.005327,0.004221,0.003782,0.008485,0.00385,0.000502
Uruguay,0.268164,0.244405,0.24605,0.185839,0.181607,0.155292,0.147236,0.129891,0.274778,1.976108,1.763382,1.58201,1.350726,1.49658,1.233562,1.750878,1.778064,1.979291,2.361862,2.262578,1.932382,2.459919,2.700923,3.168378,2.657613,2.732304,2.411179,2.636218,2.675931,2.646626,3.102775,3.100828,3.133377,4.599399,5.137186,5.338287,3.319091,3.805072,1.717656,2.007346,1.758321,1.752158,0.725965,0.839652,0.729692,0.733932,0.632944
Uzbekistán,0.011585,0.001302,0,0,0.000292,0.000286,0.004,0.00015,0.00097,0.00004,0.003186,0.00041,0.000023,0,0.000269,0,0.000107,0.000705,0,0.009179,0.001573,0.005063,0.00225,0.012508,0.000012,0.000628,0.000638,0.002105,0.003055,0.00761,0.004152,0.002663,0.002922,0.003674,0.008834,0.026075,0.009683,0.025926,0.024498,0.01954,0.010357,0.015102,0.010383,0.009269,0.004284,0.01261,0.016624
Vanuatu,0,0,0,0,0,0,0,0,0,0,0,0.000327,0.000214,0,0,0.000626,0,0,0.004574,0.00133,0,0,0,0,0,0,0,0,0,0,0,0,0,0,0,0,0,0,0,0,0,0,0,0,0,0,0
Venezuela,0.344982,0.465859,0.493072,0.578883,0.214852,0.139316,0.209545,0.266338,0.72529,0.156331,0.146468,0.056709,0.008646,0.024452,0.02666,0.032232,0.009183,0.006168,0.022238,0.020981,0.003675,0.00473,0.0008,0.000107,0.00075,0.000627,0.001283,0.00354,0.002309,0.001167,0.001156,0.003081,0.00069,0.00336,0.009664,0.020442,0.012397,0.024285,0.142491,0.134652,0.074568,0.083855,3.06047,3.175007,2.468051,3.471444,2.768717
Vietnam,0,0,0,0.000615,0.000956,0,0,0.002348,0.002943,0,0,0,0,0.000791,0.000303,0.000263,0.000762,0.000058,0.000915,0.001218,0.001291,0.000504,0.001469,0.006224,0.000397,0.000342,0.000322,0.00011,0.000508,0.000824,0,0,0.000473,0.000314,0.000485,0.000518,0.000297,0,0,0.000177,0.00157,0.002436,0.005384,0.006631,0.000662,0,0.002492
Yemen,0.001146,0.005807,0.000483,0.001769,0.004282,0.002771,0.002521,0.0019,0.004501,0,0,0.000904,0.000807,0.000102,0,0.000344,0,0,0.005163,0.012249,0.00401,0.010037,0.002502,0.00124,0.005011,0.00104,0,0.001063,0.000748,0,0,0.00373,0.006174,0.007255,0,0.001138,0,0.002549,0.003442,0,0,0,0.000016,0.00154,0.003764,0.02167,0.002449
Zambia,0.002133,0.002771,0.000226,0.000165,0.000569,0.000758,0,0,0,0.000509,0.000381,0.000766,0.000507,0.000861,0.000196,0.000197,0.004862,0.001947,0.000197,0,0,0.000847,0,0.000099,0,0,0,0.000195,0.000321,0,0,0,0,0.001612,0.000155,0,0,0.000563,0,0.000144,0.000236,0.000228,0.001438,0.001401,0,0.000493,0.001537
Zimbabwe,0,0,0,0,0,0,0,0,0,0,0,0,0,0.000198,0.000556,0.00006,0,0,0.000102,0.000194,0,0.004713,0,0,0,0.000334,0,0,0,0,0,0,0,0,0.000148,0,0.000346,0,0,0,0.001151,0,0.000485,0.000499,0.000349,0.000098,0.000055
No Identificado,80.656147,89.265107,94.845728,57.181419,116.982696,54.416377,139.387703,202.157368,27.064746,162.551491,136.667309,186.088049,131.920559,152.161542,144.643032,186.446171,142.819653,156.083321,181.684708,225.002698,193.105855,159.851989,195.017961,209.560738,139.889158,139.775699,117.71171,143.017099,122.058615,98.339286,110.802651,126.392356,106.790937,147.173277,144.14615,189.490848,144.96914,164.956017,158.032479,202.322946,169.538841,178.104383,139.34607,157.092405,121.749728,125.826422,104.146639
