PERIODO,ID_ESTADO,ESTADO,VALOR_USD
2013-01-01,AK,Alaska,8924355
2013-01-01,AL,Alabama,46995605
2013-01-01,AR,Arkansas,38739154
2013-01-01,AZ,Arizona,121102347
2013-01-01,CA,California,1403262699
2013-01-01,CO,Colorado,117245123
2013-01-01,CT,Connecticut,15838646
2013-01-01,DC,"Washington, D.C.",3287955
2013-01-01,DE,Delaware,9409800
2013-01-01,FL,Florida,218941865
2013-01-01,GA,Georgia,153676744
2013-01-01,HI,Hawaii,3315527
2013-01-01,IA,Iowa,21464725
2013-01-01,ID,Idaho,19133225
2013-01-01,IL,Illinois,259211668
2013-01-01,IN,Indiana,56093548
2013-01-01,KS,Kansas,39895322
2013-01-01,KY,Kentucky,30570408
2013-01-01,LA,Luisiana,58049193
2013-01-01,MA,Massachusetts,9492873
2013-01-01,MD,Maryland,31855097
2013-01-01,ME,Maine,1918004
2013-01-01,MI,Michigan,40373004
2013-01-01,MN,Minnesota,71828277
2013-01-01,MO,Misuri,26816833
2013-01-01,MS,Mississipi,23245973
2013-01-01,MT,Montana,975621
2013-01-01,NC,Carolina Del Norte,132649076
2013-01-01,ND,Dakota Del Norte,3625420
2013-01-01,NE,Nebraska,22497815
2013-01-01,NH,Nuevo Hampshire,2848132
2013-01-01,NJ,Nueva Jersey,89916528
2013-01-01,NM,Nuevo Mexico,38907756
2013-01-01,NV,Nevada,61996394
2013-01-01,NY,Nueva York,200694085
2013-01-01,OH,Ohio,43093146
2013-01-01,OK,Oklahoma,51828383
2013-01-01,OR,Oregon,67164880
2013-01-01,PA,Pensilvania,45970181
2013-01-01,PR,Puerto Rico,299995
2013-01-01,RI,Rhode Island,2580926
2013-01-01,SC,Carolina Del Sur,57449641
2013-01-01,SD,Dakota Del Sur,3065886
2013-01-01,TN,Tennessee,66986932
2013-01-01,TX,Texas,670099246
2013-01-01,UT,Utah,47224343
2013-01-01,VA,Virginia,49386570
2013-01-01,VT,Vermont,974121
2013-01-01,WA,Washington,113102348
2013-01-01,WI,Wisconsin,42279023
2013-01-01,WV,West Virginia,3301347
2013-01-01,WY,Wyoming,7547462
2013-01-01,XX,No Identificado,436990916
2013-04-01,AK,Alaska,12480323
2013-04-01,AL,Alabama,60555131
2013-04-01,AR,Arkansas,44441293
2013-04-01,AZ,Arizona,134002384
2013-04-01,CA,California,1604162014
2013-04-01,CO,Colorado,144413040
2013-04-01,CT,Connecticut,21490941
2013-04-01,DC,"Washington, D.C.",4131165
2013-04-01,DE,Delaware,13283608
2013-04-01,FL,Florida,252123631
2013-04-01,GA,Georgia,204093170
2013-04-01,HI,Hawaii,3376702
2013-04-01,IA,Iowa,26442631
2013-04-01,ID,Idaho,29270080
2013-04-01,IL,Illinois,291064098
2013-04-01,IN,Indiana,77839652
2013-04-01,KS,Kansas,47294045
2013-04-01,KY,Kentucky,40414036
2013-04-01,LA,Luisiana,71809878
2013-04-01,MA,Massachusetts,12050370
2013-04-01,MD,Maryland,42718547
2013-04-01,ME,Maine,2892067
2013-04-01,MI,Michigan,48893595
2013-04-01,MN,Minnesota,84683095
2013-04-01,MO,Misuri,34431695
2013-04-01,MS,Mississipi,29467042
2013-04-01,MT,Montana,3905532
2013-04-01,NC,Carolina Del Norte,177421587
2013-04-01,ND,Dakota Del Norte,16638530
2013-04-01,NE,Nebraska,28045017
2013-04-01,NH,Nuevo Hampshire,3383470
2013-04-01,NJ,Nueva Jersey,120223092
2013-04-01,NM,Nuevo Mexico,44717922
2013-04-01,NV,Nevada,69292870
2013-04-01,NY,Nueva York,226635898
2013-04-01,OH,Ohio,60478154
2013-04-01,OK,Oklahoma,60130045
2013-04-01,OR,Oregon,82380786
2013-04-01,PA,Pensilvania,64778156
2013-04-01,PR,Puerto Rico,291274
2013-04-01,RI,Rhode Island,2925488
2013-04-01,SC,Carolina Del Sur,73835277
2013-04-01,SD,Dakota Del Sur,4181648
2013-04-01,TN,Tennessee,86410930
2013-04-01,TX,Texas,767076011
2013-04-01,UT,Utah,56420881
2013-04-01,VA,Virginia,64438131
2013-04-01,VT,Vermont,981136
2013-04-01,WA,Washington,139625544
2013-04-01,WI,Wisconsin,58624674
2013-04-01,WV,West Virginia,3391736
2013-04-01,WY,Wyoming,9007772
2013-04-01,XX,No Identificado,524792810
2013-07-01,AK,Alaska,12177580
2013-07-01,AL,Alabama,45960645
2013-07-01,AR,Arkansas,40630385
2013-07-01,AZ,Arizona,110283953
2013-07-01,CA,California,1394922354
2013-07-01,CO,Colorado,137060057
2013-07-01,CT,Connecticut,16659558
2013-07-01,DC,"Washington, D.C.",3024256
2013-07-01,DE,Delaware,12790885
2013-07-01,FL,Florida,195354864
2013-07-01,GA,Georgia,160649500
2013-07-01,HI,Hawaii,2875890
2013-07-01,IA,Iowa,27856298
2013-07-01,ID,Idaho,27114834
2013-07-01,IL,Illinois,239410865
2013-07-01,IN,Indiana,67205154
2013-07-01,KS,Kansas,43958617
2013-07-01,KY,Kentucky,42884543
2013-07-01,LA,Luisiana,64791622
2013-07-01,MA,Massachusetts,10957485
2013-07-01,MD,Maryland,38270653
2013-07-01,ME,Maine,1230947
2013-07-01,MI,Michigan,51726761
2013-07-01,MN,Minnesota,92339578
2013-07-01,MO,Misuri,34746794
2013-07-01,MS,Mississipi,28283845
2013-07-01,MT,Montana,2187365
2013-07-01,NC,Carolina Del Norte,169840425
2013-07-01,ND,Dakota Del Norte,8187431
2013-07-01,NE,Nebraska,27335851
2013-07-01,NH,Nuevo Hampshire,3122675
2013-07-01,NJ,Nueva Jersey,107066488
2013-07-01,NM,Nuevo Mexico,32955844
2013-07-01,NV,Nevada,59501634
2013-07-01,NY,Nueva York,193961088
2013-07-01,OH,Ohio,54318431
2013-07-01,OK,Oklahoma,57669281
2013-07-01,OR,Oregon,78452298
2013-07-01,PA,Pensilvania,57311697
2013-07-01,PR,Puerto Rico,213650
2013-07-01,RI,Rhode Island,2488400
2013-07-01,SC,Carolina Del Sur,60604338
2013-07-01,SD,Dakota Del Sur,4680853
2013-07-01,TN,Tennessee,80873011
2013-07-01,TX,Texas,648454611
2013-07-01,UT,Utah,48058716
2013-07-01,VA,Virginia,61768157
2013-07-01,VT,Vermont,928870
2013-07-01,WA,Washington,147106501
2013-07-01,WI,Wisconsin,49948483
2013-07-01,WV,West Virginia,2803156
2013-07-01,WY,Wyoming,9745647
2013-07-01,XX,No Identificado,760826477
2013-10-01,AK,Alaska,9568414
2013-10-01,AL,Alabama,45338249
2013-10-01,AR,Arkansas,37542615
2013-10-01,AZ,Arizona,110051938
2013-10-01,CA,California,1488382782
2013-10-01,CO,Colorado,134186309
2013-10-01,CT,Connecticut,15762427
2013-10-01,DC,"Washington, D.C.",2591819
2013-10-01,DE,Delaware,11639270
2013-10-01,FL,Florida,227377034
2013-10-01,GA,Georgia,157077369
2013-10-01,HI,Hawaii,2546441
2013-10-01,IA,Iowa,26811388
2013-10-01,ID,Idaho,25936752
2013-10-01,IL,Illinois,296802968
2013-10-01,IN,Indiana,64270773
2013-10-01,KS,Kansas,44126241
2013-10-01,KY,Kentucky,43846911
2013-10-01,LA,Luisiana,65849175
2013-10-01,MA,Massachusetts,10532636
2013-10-01,MD,Maryland,35011496
2013-10-01,ME,Maine,618678
2013-10-01,MI,Michigan,42014616
2013-10-01,MN,Minnesota,186496091
2013-10-01,MO,Misuri,31964597
2013-10-01,MS,Mississipi,26332285
2013-10-01,MT,Montana,1314281
2013-10-01,NC,Carolina Del Norte,143254945
2013-10-01,ND,Dakota Del Norte,6319829
2013-10-01,NE,Nebraska,25602072
2013-10-01,NH,Nuevo Hampshire,3203892
2013-10-01,NJ,Nueva Jersey,99228647
2013-10-01,NM,Nuevo Mexico,32087102
2013-10-01,NV,Nevada,57893096
2013-10-01,NY,Nueva York,206423015
2013-10-01,OH,Ohio,51285269
2013-10-01,OK,Oklahoma,51975661
2013-10-01,OR,Oregon,76153701
2013-10-01,PA,Pensilvania,52841444
2013-10-01,PR,Puerto Rico,113097
2013-10-01,RI,Rhode Island,2342424
2013-10-01,SC,Carolina Del Sur,57588557
2013-10-01,SD,Dakota Del Sur,4133717
2013-10-01,TN,Tennessee,78554613
2013-10-01,TX,Texas,667019718
2013-10-01,UT,Utah,50132066
2013-10-01,VA,Virginia,54601504
2013-10-01,VT,Vermont,778805
2013-10-01,WA,Washington,137483729
2013-10-01,WI,Wisconsin,44851432
2013-10-01,WV,West Virginia,2467868
2013-10-01,WY,Wyoming,8741297
2013-10-01,XX,No Identificado,467151757
2014-01-01,AK,Alaska,7815548
2014-01-01,AL,Alabama,37970647
2014-01-01,AR,Arkansas,31268022
2014-01-01,AZ,Arizona,99932333
2014-01-01,CA,California,1329830660
2014-01-01,CO,Colorado,119977132
2014-01-01,CT,Connecticut,15313184
2014-01-01,DC,"Washington, D.C.",2609647
2014-01-01,DE,Delaware,8525153
2014-01-01,FL,Florida,199945256
2014-01-01,GA,Georgia,129284456
2014-01-01,HI,Hawaii,1887372
2014-01-01,IA,Iowa,22476706
2014-01-01,ID,Idaho,19935287
2014-01-01,IL,Illinois,276487635
2014-01-01,IN,Indiana,54850464
2014-01-01,KS,Kansas,37649058
2014-01-01,KY,Kentucky,29627948
2014-01-01,LA,Luisiana,50362520
2014-01-01,MA,Massachusetts,8646786
2014-01-01,MD,Maryland,28419719
2014-01-01,ME,Maine,398869
2014-01-01,MI,Michigan,37549541
2014-01-01,MN,Minnesota,184035131
2014-01-01,MO,Misuri,25077521
2014-01-01,MS,Mississipi,21554679
2014-01-01,MT,Montana,1025350
2014-01-01,NC,Carolina Del Norte,113899570
2014-01-01,ND,Dakota Del Norte,4366923
2014-01-01,NE,Nebraska,21551792
2014-01-01,NH,Nuevo Hampshire,2497950
2014-01-01,NJ,Nueva Jersey,82768399
2014-01-01,NM,Nuevo Mexico,32745745
2014-01-01,NV,Nevada,59090762
2014-01-01,NY,Nueva York,170506089
2014-01-01,OH,Ohio,43861989
2014-01-01,OK,Oklahoma,42433686
2014-01-01,OR,Oregon,65194345
2014-01-01,PA,Pensilvania,41734316
2014-01-01,PR,Puerto Rico,89143
2014-01-01,RI,Rhode Island,5630320
2014-01-01,SC,Carolina Del Sur,50720019
2014-01-01,SD,Dakota Del Sur,3239858
2014-01-01,TN,Tennessee,64058717
2014-01-01,TX,Texas,572048405
2014-01-01,UT,Utah,50976240
2014-01-01,VA,Virginia,44276752
2014-01-01,VT,Vermont,633986
2014-01-01,WA,Washington,110704133
2014-01-01,WI,Wisconsin,45806823
2014-01-01,WV,West Virginia,2030834
2014-01-01,WY,Wyoming,7792605
2014-01-01,XX,No Identificado,1059829037
2014-04-01,AK,Alaska,9388236
2014-04-01,AL,Alabama,42832278
2014-04-01,AR,Arkansas,33496828
2014-04-01,AZ,Arizona,108495360
2014-04-01,CA,California,1373169364
2014-04-01,CO,Colorado,127231400
2014-04-01,CT,Connecticut,18321996
2014-04-01,DC,"Washington, D.C.",2833615
2014-04-01,DE,Delaware,9985926
2014-04-01,FL,Florida,212367262
2014-04-01,GA,Georgia,158649739
2014-04-01,HI,Hawaii,2024039
2014-04-01,IA,Iowa,24213216
2014-04-01,ID,Idaho,24546689
2014-04-01,IL,Illinois,261818254
2014-04-01,IN,Indiana,56703075
2014-04-01,KS,Kansas,41500580
2014-04-01,KY,Kentucky,33830674
2014-04-01,LA,Luisiana,65199997
2014-04-01,MA,Massachusetts,11502090
2014-04-01,MD,Maryland,35492100
2014-04-01,ME,Maine,682601
2014-04-01,MI,Michigan,39596094
2014-04-01,MN,Minnesota,108676462
2014-04-01,MO,Misuri,32279123
2014-04-01,MS,Mississipi,23963644
2014-04-01,MT,Montana,1687969
2014-04-01,NC,Carolina Del Norte,141594058
2014-04-01,ND,Dakota Del Norte,7211831
2014-04-01,NE,Nebraska,23161075
2014-04-01,NH,Nuevo Hampshire,3677028
2014-04-01,NJ,Nueva Jersey,99457934
2014-04-01,NM,Nuevo Mexico,30049937
2014-04-01,NV,Nevada,53292965
2014-04-01,NY,Nueva York,214582519
2014-04-01,OH,Ohio,47120191
2014-04-01,OK,Oklahoma,46216060
2014-04-01,OR,Oregon,63444546
2014-04-01,PA,Pensilvania,48372723
2014-04-01,PR,Puerto Rico,69601
2014-04-01,RI,Rhode Island,3210279
2014-04-01,SC,Carolina Del Sur,56848746
2014-04-01,SD,Dakota Del Sur,5151394
2014-04-01,TN,Tennessee,71197445
2014-04-01,TX,Texas,653494348
2014-04-01,UT,Utah,46687888
2014-04-01,VA,Virginia,55868808
2014-04-01,VT,Vermont,704923
2014-04-01,WA,Washington,109964363
2014-04-01,WI,Wisconsin,48427473
2014-04-01,WV,West Virginia,2552071
2014-04-01,WY,Wyoming,9511819
2014-04-01,XX,No Identificado,1522321713
2014-07-01,AK,Alaska,11427496
2014-07-01,AL,Alabama,45700259
2014-07-01,AR,Arkansas,38495605
2014-07-01,AZ,Arizona,99162818
2014-07-01,CA,California,1396741823
2014-07-01,CO,Colorado,149119033
2014-07-01,CT,Connecticut,17733027
2014-07-01,DC,"Washington, D.C.",2803790
2014-07-01,DE,Delaware,13079025
2014-07-01,FL,Florida,205650060
2014-07-01,GA,Georgia,166898232
2014-07-01,HI,Hawaii,2047711
2014-07-01,IA,Iowa,29083207
2014-07-01,ID,Idaho,27591762
2014-07-01,IL,Illinois,251869083
2014-07-01,IN,Indiana,68103635
2014-07-01,KS,Kansas,44257187
2014-07-01,KY,Kentucky,46571995
2014-07-01,LA,Luisiana,65606054
2014-07-01,MA,Massachusetts,11005196
2014-07-01,MD,Maryland,36842128
2014-07-01,ME,Maine,1529621
2014-07-01,MI,Michigan,55047055
2014-07-01,MN,Minnesota,190308232
2014-07-01,MO,Misuri,37003974
2014-07-01,MS,Mississipi,28755979
2014-07-01,MT,Montana,3310092
2014-07-01,NC,Carolina Del Norte,175150257
2014-07-01,ND,Dakota Del Norte,11109691
2014-07-01,NE,Nebraska,27412209
2014-07-01,NH,Nuevo Hampshire,3361814
2014-07-01,NJ,Nueva Jersey,106403170
2014-07-01,NM,Nuevo Mexico,29769193
2014-07-01,NV,Nevada,57658460
2014-07-01,NY,Nueva York,215832454
2014-07-01,OH,Ohio,54684630
2014-07-01,OK,Oklahoma,53853597
2014-07-01,OR,Oregon,77176706
2014-07-01,PA,Pensilvania,54185435
2014-07-01,PR,Puerto Rico,70078
2014-07-01,RI,Rhode Island,3939746
2014-07-01,SC,Carolina Del Sur,64062454
2014-07-01,SD,Dakota Del Sur,6130105
2014-07-01,TN,Tennessee,87519517
2014-07-01,TX,Texas,702205880
2014-07-01,UT,Utah,48002692
2014-07-01,VA,Virginia,62261916
2014-07-01,VT,Vermont,787336
2014-07-01,WA,Washington,153427722
2014-07-01,WI,Wisconsin,54954400
2014-07-01,WV,West Virginia,3015463
2014-07-01,WY,Wyoming,10822609
2014-07-01,XX,No Identificado,769974799
2014-10-01,AK,Alaska,9969707
2014-10-01,AL,Alabama,43744959
2014-10-01,AR,Arkansas,35842320
2014-10-01,AZ,Arizona,103970534
2014-10-01,CA,California,1418801221
2014-10-01,CO,Colorado,138627919
2014-10-01,CT,Connecticut,15637338
2014-10-01,DC,"Washington, D.C.",2708167
2014-10-01,DE,Delaware,11821142
2014-10-01,FL,Florida,219947423
2014-10-01,GA,Georgia,164205218
2014-10-01,HI,Hawaii,2549173
2014-10-01,IA,Iowa,28402112
2014-10-01,ID,Idaho,25325680
2014-10-01,IL,Illinois,282800074
2014-10-01,IN,Indiana,64100410
2014-10-01,KS,Kansas,41388063
2014-10-01,KY,Kentucky,42771218
2014-10-01,LA,Luisiana,68414056
2014-10-01,MA,Massachusetts,10570018
2014-10-01,MD,Maryland,32751237
2014-10-01,ME,Maine,694042
2014-10-01,MI,Michigan,46688921
2014-10-01,MN,Minnesota,218379852
2014-10-01,MO,Misuri,32913294
2014-10-01,MS,Mississipi,26879676
2014-10-01,MT,Montana,2112954
2014-10-01,NC,Carolina Del Norte,147924999
2014-10-01,ND,Dakota Del Norte,10360746
2014-10-01,NE,Nebraska,25529326
2014-10-01,NH,Nuevo Hampshire,3075243
2014-10-01,NJ,Nueva Jersey,91867944
2014-10-01,NM,Nuevo Mexico,31085925
2014-10-01,NV,Nevada,57547921
2014-10-01,NY,Nueva York,198829278
2014-10-01,OH,Ohio,47473273
2014-10-01,OK,Oklahoma,50460207
2014-10-01,OR,Oregon,71854119
2014-10-01,PA,Pensilvania,50399989
2014-10-01,PR,Puerto Rico,84474
2014-10-01,RI,Rhode Island,2443817
2014-10-01,SC,Carolina Del Sur,59957814
2014-10-01,SD,Dakota Del Sur,4896769
2014-10-01,TN,Tennessee,80096136
2014-10-01,TX,Texas,718284181
2014-10-01,UT,Utah,46648944
2014-10-01,VA,Virginia,53092252
2014-10-01,VT,Vermont,885300
2014-10-01,WA,Washington,128799698
2014-10-01,WI,Wisconsin,54192780
2014-10-01,WV,West Virginia,2645445
2014-10-01,WY,Wyoming,9462134
2014-10-01,XX,No Identificado,902982513
2015-01-01,AK,Alaska,7556505
2015-01-01,AL,Alabama,42193088
2015-01-01,AR,Arkansas,33247974
2015-01-01,AZ,Arizona,151375721
2015-01-01,CA,California,1676781020
2015-01-01,CO,Colorado,118737426
2015-01-01,CT,Connecticut,14993739
2015-01-01,DC,"Washington, D.C.",2547949
2015-01-01,DE,Delaware,7756346
2015-01-01,FL,Florida,204545338
2015-01-01,GA,Georgia,195209186
2015-01-01,HI,Hawaii,5515399
2015-01-01,IA,Iowa,24089043
2015-01-01,ID,Idaho,16515215
2015-01-01,IL,Illinois,295842193
2015-01-01,IN,Indiana,56674546
2015-01-01,KS,Kansas,40162060
2015-01-01,KY,Kentucky,29625173
2015-01-01,LA,Luisiana,79649782
2015-01-01,MA,Massachusetts,12198791
2015-01-01,MD,Maryland,30737283
2015-01-01,ME,Maine,1066792
2015-01-01,MI,Michigan,51737110
2015-01-01,MN,Minnesota,177062332
2015-01-01,MO,Misuri,33068395
2015-01-01,MS,Mississipi,22477095
2015-01-01,MT,Montana,2971259
2015-01-01,NC,Carolina Del Norte,107589038
2015-01-01,ND,Dakota Del Norte,18339124
2015-01-01,NE,Nebraska,27192737
2015-01-01,NH,Nuevo Hampshire,3281320
2015-01-01,NJ,Nueva Jersey,84984073
2015-01-01,NM,Nuevo Mexico,35680722
2015-01-01,NV,Nevada,65022606
2015-01-01,NY,Nueva York,179536361
2015-01-01,OH,Ohio,38887744
2015-01-01,OK,Oklahoma,49055164
2015-01-01,OR,Oregon,56221934
2015-01-01,PA,Pensilvania,49735984
2015-01-01,PR,Puerto Rico,1882323
2015-01-01,RI,Rhode Island,3721483
2015-01-01,SC,Carolina Del Sur,42827928
2015-01-01,SD,Dakota Del Sur,5403152
2015-01-01,TN,Tennessee,68327073
2015-01-01,TX,Texas,770326099
2015-01-01,UT,Utah,39334176
2015-01-01,VA,Virginia,59295823
2015-01-01,VT,Vermont,2931023
2015-01-01,WA,Washington,101365635
2015-01-01,WI,Wisconsin,62191437
2015-01-01,WV,West Virginia,5098841
2015-01-01,WY,Wyoming,9846640
2015-01-01,XX,No Identificado,519248352
2015-04-01,AK,Alaska,11186138
2015-04-01,AL,Alabama,53756071
2015-04-01,AR,Arkansas,44222105
2015-04-01,AZ,Arizona,148066873
2015-04-01,CA,California,1910923474
2015-04-01,CO,Colorado,133148588
2015-04-01,CT,Connecticut,19980473
2015-04-01,DC,"Washington, D.C.",3112804
2015-04-01,DE,Delaware,11308952
2015-04-01,FL,Florida,250856826
2015-04-01,GA,Georgia,248645579
2015-04-01,HI,Hawaii,6040955
2015-04-01,IA,Iowa,28888159
2015-04-01,ID,Idaho,25674821
2015-04-01,IL,Illinois,311091332
2015-04-01,IN,Indiana,66592583
2015-04-01,KS,Kansas,45149865
2015-04-01,KY,Kentucky,37305162
2015-04-01,LA,Luisiana,99182267
2015-04-01,MA,Massachusetts,17618212
2015-04-01,MD,Maryland,43195262
2015-04-01,ME,Maine,1648478
2015-04-01,MI,Michigan,63346802
2015-04-01,MN,Minnesota,159951755
2015-04-01,MO,Misuri,44422851
2015-04-01,MS,Mississipi,29830555
2015-04-01,MT,Montana,5861475
2015-04-01,NC,Carolina Del Norte,150853115
2015-04-01,ND,Dakota Del Norte,26997882
2015-04-01,NE,Nebraska,29322253
2015-04-01,NH,Nuevo Hampshire,4956907
2015-04-01,NJ,Nueva Jersey,105946063
2015-04-01,NM,Nuevo Mexico,36580215
2015-04-01,NV,Nevada,65830501
2015-04-01,NY,Nueva York,237135710
2015-04-01,OH,Ohio,54426338
2015-04-01,OK,Oklahoma,57316340
2015-04-01,OR,Oregon,63788683
2015-04-01,PA,Pensilvania,69115647
2015-04-01,PR,Puerto Rico,1306933
2015-04-01,RI,Rhode Island,4843231
2015-04-01,SC,Carolina Del Sur,63794022
2015-04-01,SD,Dakota Del Sur,8392934
2015-04-01,TN,Tennessee,90642759
2015-04-01,TX,Texas,874457475
2015-04-01,UT,Utah,43525258
2015-04-01,VA,Virginia,88632433
2015-04-01,VT,Vermont,2976057
2015-04-01,WA,Washington,122996075
2015-04-01,WI,Wisconsin,66942736
2015-04-01,WV,West Virginia,3029448
2015-04-01,WY,Wyoming,11152286
2015-04-01,XX,No Identificado,63331408
2015-07-01,AK,Alaska,14678774
2015-07-01,AL,Alabama,52251440
2015-07-01,AR,Arkansas,49564192
2015-07-01,AZ,Arizona,139112355
2015-07-01,CA,California,1899720758
2015-07-01,CO,Colorado,151852089
2015-07-01,CT,Connecticut,21227378
2015-07-01,DC,"Washington, D.C.",3406620
2015-07-01,DE,Delaware,12004277
2015-07-01,FL,Florida,231473644
2015-07-01,GA,Georgia,247703121
2015-07-01,HI,Hawaii,6657361
2015-07-01,IA,Iowa,32931364
2015-07-01,ID,Idaho,28397876
2015-07-01,IL,Illinois,319928392
2015-07-01,IN,Indiana,69092075
2015-07-01,KS,Kansas,46769253
2015-07-01,KY,Kentucky,47289627
2015-07-01,LA,Luisiana,94803920
2015-07-01,MA,Massachusetts,19643714
2015-07-01,MD,Maryland,45300684
2015-07-01,ME,Maine,8728254
2015-07-01,MI,Michigan,72075524
2015-07-01,MN,Minnesota,138638650
2015-07-01,MO,Misuri,51034612
2015-07-01,MS,Mississipi,27199609
2015-07-01,MT,Montana,9016504
2015-07-01,NC,Carolina Del Norte,167869015
2015-07-01,ND,Dakota Del Norte,35217827
2015-07-01,NE,Nebraska,33195608
2015-07-01,NH,Nuevo Hampshire,5788092
2015-07-01,NJ,Nueva Jersey,114825504
2015-07-01,NM,Nuevo Mexico,37426245
2015-07-01,NV,Nevada,66673598
2015-07-01,NY,Nueva York,252114158
2015-07-01,OH,Ohio,59107172
2015-07-01,OK,Oklahoma,61103098
2015-07-01,OR,Oregon,69681279
2015-07-01,PA,Pensilvania,74090732
2015-07-01,PR,Puerto Rico,1568563
2015-07-01,RI,Rhode Island,4952549
2015-07-01,SC,Carolina Del Sur,64823877
2015-07-01,SD,Dakota Del Sur,11427901
2015-07-01,TN,Tennessee,102097295
2015-07-01,TX,Texas,912936831
2015-07-01,UT,Utah,45143109
2015-07-01,VA,Virginia,95884222
2015-07-01,VT,Vermont,3860470
2015-07-01,WA,Washington,155791634
2015-07-01,WI,Wisconsin,69172027
2015-07-01,WV,West Virginia,3463357
2015-07-01,WY,Wyoming,13560819
2015-07-01,XX,No Identificado,70860734
2015-10-01,AK,Alaska,9774035
2015-10-01,AL,Alabama,49654287
2015-10-01,AR,Arkansas,43849975
2015-10-01,AZ,Arizona,141938648
2015-10-01,CA,California,1873336972
2015-10-01,CO,Colorado,132745797
2015-10-01,CT,Connecticut,19558890
2015-10-01,DC,"Washington, D.C.",3522390
2015-10-01,DE,Delaware,10175210
2015-10-01,FL,Florida,238056247
2015-10-01,GA,Georgia,230401522
2015-10-01,HI,Hawaii,7913182
2015-10-01,IA,Iowa,29668653
2015-10-01,ID,Idaho,24517695
2015-10-01,IL,Illinois,309064973
2015-10-01,IN,Indiana,63251246
2015-10-01,KS,Kansas,44327660
2015-10-01,KY,Kentucky,40447754
2015-10-01,LA,Luisiana,92781841
2015-10-01,MA,Massachusetts,19777403
2015-10-01,MD,Maryland,42140601
2015-10-01,ME,Maine,6079662
2015-10-01,MI,Michigan,62430438
2015-10-01,MN,Minnesota,113172575
2015-10-01,MO,Misuri,42433695
2015-10-01,MS,Mississipi,30354195
2015-10-01,MT,Montana,7227466
2015-10-01,NC,Carolina Del Norte,142065475
2015-10-01,ND,Dakota Del Norte,33514135
2015-10-01,NE,Nebraska,32238121
2015-10-01,NH,Nuevo Hampshire,6331413
2015-10-01,NJ,Nueva Jersey,105767000
2015-10-01,NM,Nuevo Mexico,34825805
2015-10-01,NV,Nevada,61262075
2015-10-01,NY,Nueva York,236383028
2015-10-01,OH,Ohio,50143563
2015-10-01,OK,Oklahoma,55572522
2015-10-01,OR,Oregon,58947574
2015-10-01,PA,Pensilvania,63902425
2015-10-01,PR,Puerto Rico,1800282
2015-10-01,RI,Rhode Island,4850472
2015-10-01,SC,Carolina Del Sur,55438733
2015-10-01,SD,Dakota Del Sur,11662253
2015-10-01,TN,Tennessee,94189343
2015-10-01,TX,Texas,862701810
2015-10-01,UT,Utah,42673428
2015-10-01,VA,Virginia,81235358
2015-10-01,VT,Vermont,3805435
2015-10-01,WA,Washington,113479046
2015-10-01,WI,Wisconsin,64368965
2015-10-01,WV,West Virginia,5499077
2015-10-01,WY,Wyoming,11357877
2015-10-01,XX,No Identificado,53112351
2016-01-01,AK,Alaska,10180014
2016-01-01,AL,Alabama,51849706
2016-01-01,AR,Arkansas,44821736
2016-01-01,AZ,Arizona,165683200
2016-01-01,CA,California,2000789803
2016-01-01,CO,Colorado,130585690
2016-01-01,CT,Connecticut,18203425
2016-01-01,DC,"Washington, D.C.",2593430
2016-01-01,DE,Delaware,9582480
2016-01-01,FL,Florida,257458075
2016-01-01,GA,Georgia,234353354
2016-01-01,HI,Hawaii,6915306
2016-01-01,IA,Iowa,29042045
2016-01-01,ID,Idaho,20326522
2016-01-01,IL,Illinois,332251153
2016-01-01,IN,Indiana,65708781
2016-01-01,KS,Kansas,42720807
2016-01-01,KY,Kentucky,32490172
2016-01-01,LA,Luisiana,76779514
2016-01-01,MA,Massachusetts,17121497
2016-01-01,MD,Maryland,36959250
2016-01-01,ME,Maine,1769124
2016-01-01,MI,Michigan,60759842
2016-01-01,MN,Minnesota,126076666
2016-01-01,MO,Misuri,39663987
2016-01-01,MS,Mississipi,25747816
2016-01-01,MT,Montana,3536972
2016-01-01,NC,Carolina Del Norte,128456212
2016-01-01,ND,Dakota Del Norte,14067978
2016-01-01,NE,Nebraska,33178002
2016-01-01,NH,Nuevo Hampshire,4560659
2016-01-01,NJ,Nueva Jersey,98827586
2016-01-01,NM,Nuevo Mexico,35260105
2016-01-01,NV,Nevada,69922034
2016-01-01,NY,Nueva York,223194397
2016-01-01,OH,Ohio,44272733
2016-01-01,OK,Oklahoma,53726483
2016-01-01,OR,Oregon,61518002
2016-01-01,PA,Pensilvania,55293371
2016-01-01,PR,Puerto Rico,2552157
2016-01-01,RI,Rhode Island,4808795
2016-01-01,SC,Carolina Del Sur,60830951
2016-01-01,SD,Dakota Del Sur,6080789
2016-01-01,TN,Tennessee,88467066
2016-01-01,TX,Texas,880685734
2016-01-01,UT,Utah,45421554
2016-01-01,VA,Virginia,70333458
2016-01-01,VT,Vermont,4780949
2016-01-01,WA,Washington,113882982
2016-01-01,WI,Wisconsin,70380389
2016-01-01,WV,West Virginia,5524546
2016-01-01,WY,Wyoming,9869144
2016-01-01,XX,No Identificado,56352933
2016-04-01,AK,Alaska,10418436
2016-04-01,AL,Alabama,66406687
2016-04-01,AR,Arkansas,52743094
2016-04-01,AZ,Arizona,148092642
2016-04-01,CA,California,1905908374
2016-04-01,CO,Colorado,187235984
2016-04-01,CT,Connecticut,25555565
2016-04-01,DC,"Washington, D.C.",3760169
2016-04-01,DE,Delaware,18645707
2016-04-01,FL,Florida,345281609
2016-04-01,GA,Georgia,253561380
2016-04-01,HI,Hawaii,3135516
2016-04-01,IA,Iowa,38193422
2016-04-01,ID,Idaho,42345207
2016-04-01,IL,Illinois,331878655
2016-04-01,IN,Indiana,97499402
2016-04-01,KS,Kansas,50840745
2016-04-01,KY,Kentucky,54536046
2016-04-01,LA,Luisiana,64456694
2016-04-01,MA,Massachusetts,14126012
2016-04-01,MD,Maryland,49202995
2016-04-01,ME,Maine,1030910
2016-04-01,MI,Michigan,57864521
2016-04-01,MN,Minnesota,93755881
2016-04-01,MO,Misuri,46258340
2016-04-01,MS,Mississipi,33558548
2016-04-01,MT,Montana,2707087
2016-04-01,NC,Carolina Del Norte,213190667
2016-04-01,ND,Dakota Del Norte,4625374
2016-04-01,NE,Nebraska,34481379
2016-04-01,NH,Nuevo Hampshire,5387590
2016-04-01,NJ,Nueva Jersey,131808174
2016-04-01,NM,Nuevo Mexico,37557093
2016-04-01,NV,Nevada,84362115
2016-04-01,NY,Nueva York,304447087
2016-04-01,OH,Ohio,65415223
2016-04-01,OK,Oklahoma,59621459
2016-04-01,OR,Oregon,99623940
2016-04-01,PA,Pensilvania,64679552
2016-04-01,PR,Puerto Rico,546371
2016-04-01,RI,Rhode Island,5722171
2016-04-01,SC,Carolina Del Sur,105684018
2016-04-01,SD,Dakota Del Sur,6295407
2016-04-01,TN,Tennessee,110918008
2016-04-01,TX,Texas,941439817
2016-04-01,UT,Utah,65728667
2016-04-01,VA,Virginia,69312696
2016-04-01,VT,Vermont,1760378
2016-04-01,WA,Washington,195353475
2016-04-01,WI,Wisconsin,68830675
2016-04-01,WV,West Virginia,3401789
2016-04-01,WY,Wyoming,9448313
2016-04-01,XX,No Identificado,102646911
2016-07-01,AK,Alaska,10643635
2016-07-01,AL,Alabama,55462327
2016-07-01,AR,Arkansas,53603000
2016-07-01,AZ,Arizona,160331804
2016-07-01,CA,California,2112121123
2016-07-01,CO,Colorado,166791903
2016-07-01,CT,Connecticut,21616569
2016-07-01,DC,"Washington, D.C.",3623135
2016-07-01,DE,Delaware,12511405
2016-07-01,FL,Florida,252485973
2016-07-01,GA,Georgia,249757153
2016-07-01,HI,Hawaii,7372095
2016-07-01,IA,Iowa,34120982
2016-07-01,ID,Idaho,30533368
2016-07-01,IL,Illinois,332047178
2016-07-01,IN,Indiana,73055581
2016-07-01,KS,Kansas,46813697
2016-07-01,KY,Kentucky,46013029
2016-07-01,LA,Luisiana,88850548
2016-07-01,MA,Massachusetts,21845652
2016-07-01,MD,Maryland,45416606
2016-07-01,ME,Maine,2245081
2016-07-01,MI,Michigan,77601037
2016-07-01,MN,Minnesota,126432067
2016-07-01,MO,Misuri,48770826
2016-07-01,MS,Mississipi,28668359
2016-07-01,MT,Montana,5331322
2016-07-01,NC,Carolina Del Norte,180325265
2016-07-01,ND,Dakota Del Norte,16878603
2016-07-01,NE,Nebraska,38527463
2016-07-01,NH,Nuevo Hampshire,5555326
2016-07-01,NJ,Nueva Jersey,110483545
2016-07-01,NM,Nuevo Mexico,37685941
2016-07-01,NV,Nevada,74560564
2016-07-01,NY,Nueva York,250870388
2016-07-01,OH,Ohio,57761004
2016-07-01,OK,Oklahoma,57421822
2016-07-01,OR,Oregon,75154566
2016-07-01,PA,Pensilvania,65706236
2016-07-01,PR,Puerto Rico,2421620
2016-07-01,RI,Rhode Island,5802099
2016-07-01,SC,Carolina Del Sur,75051876
2016-07-01,SD,Dakota Del Sur,8651120
2016-07-01,TN,Tennessee,110076813
2016-07-01,TX,Texas,969875481
2016-07-01,UT,Utah,52098652
2016-07-01,VA,Virginia,88920248
2016-07-01,VT,Vermont,5067981
2016-07-01,WA,Washington,173962069
2016-07-01,WI,Wisconsin,70591577
2016-07-01,WV,West Virginia,6509301
2016-07-01,WY,Wyoming,11477313
2016-07-01,XX,No Identificado,65358070
2016-10-01,AK,Alaska,9368241
2016-10-01,AL,Alabama,56640863
2016-10-01,AR,Arkansas,52797795
2016-10-01,AZ,Arizona,167374550
2016-10-01,CA,California,2142867032
2016-10-01,CO,Colorado,164586336
2016-10-01,CT,Connecticut,21451458
2016-10-01,DC,"Washington, D.C.",3057000
2016-10-01,DE,Delaware,11221285
2016-10-01,FL,Florida,269379467
2016-10-01,GA,Georgia,247205714
2016-10-01,HI,Hawaii,7520863
2016-10-01,IA,Iowa,34560767
2016-10-01,ID,Idaho,27887907
2016-10-01,IL,Illinois,342267141
2016-10-01,IN,Indiana,73239317
2016-10-01,KS,Kansas,48470333
2016-10-01,KY,Kentucky,45473673
2016-10-01,LA,Luisiana,94860418
2016-10-01,MA,Massachusetts,19972590
2016-10-01,MD,Maryland,43852135
2016-10-01,ME,Maine,1864097
2016-10-01,MI,Michigan,72725771
2016-10-01,MN,Minnesota,130543721
2016-10-01,MO,Misuri,48107041
2016-10-01,MS,Mississipi,30674097
2016-10-01,MT,Montana,4864268
2016-10-01,NC,Carolina Del Norte,166665839
2016-10-01,ND,Dakota Del Norte,16541104
2016-10-01,NE,Nebraska,38302016
2016-10-01,NH,Nuevo Hampshire,5557143
2016-10-01,NJ,Nueva Jersey,107683018
2016-10-01,NM,Nuevo Mexico,38031790
2016-10-01,NV,Nevada,73856073
2016-10-01,NY,Nueva York,254398120
2016-10-01,OH,Ohio,55567664
2016-10-01,OK,Oklahoma,57135886
2016-10-01,OR,Oregon,71960309
2016-10-01,PA,Pensilvania,64024024
2016-10-01,PR,Puerto Rico,2516841
2016-10-01,RI,Rhode Island,5621754
2016-10-01,SC,Carolina Del Sur,72041120
2016-10-01,SD,Dakota Del Sur,8441512
2016-10-01,TN,Tennessee,109014578
2016-10-01,TX,Texas,994588734
2016-10-01,UT,Utah,52109880
2016-10-01,VA,Virginia,85622331
2016-10-01,VT,Vermont,5094114
2016-10-01,WA,Washington,149481988
2016-10-01,WI,Wisconsin,72261897
2016-10-01,WV,West Virginia,6399738
2016-10-01,WY,Wyoming,10558743
2016-10-01,XX,No Identificado,64575036
2017-01-01,AK,Alaska,8022682
2017-01-01,AL,Alabama,59146174
2017-01-01,AR,Arkansas,51710038
2017-01-01,AZ,Arizona,190571068
2017-01-01,CA,California,2136902720
2017-01-01,CO,Colorado,154529921
2017-01-01,CT,Connecticut,18014389
2017-01-01,DC,"Washington, D.C.",2673470
2017-01-01,DE,Delaware,11096297
2017-01-01,FL,Florida,305930906
2017-01-01,GA,Georgia,261201181
2017-01-01,HI,Hawaii,7401124
2017-01-01,IA,Iowa,31248346
2017-01-01,ID,Idaho,22181751
2017-01-01,IL,Illinois,344472114
2017-01-01,IN,Indiana,75657466
2017-01-01,KS,Kansas,47227660
2017-01-01,KY,Kentucky,39734226
2017-01-01,LA,Luisiana,89003463
2017-01-01,MA,Massachusetts,17628316
2017-01-01,MD,Maryland,37832846
2017-01-01,ME,Maine,2217600
2017-01-01,MI,Michigan,71575618
2017-01-01,MN,Minnesota,140608584
2017-01-01,MO,Misuri,47265035
2017-01-01,MS,Mississipi,27612630
2017-01-01,MT,Montana,4765169
2017-01-01,NC,Carolina Del Norte,163415718
2017-01-01,ND,Dakota Del Norte,12609887
2017-01-01,NE,Nebraska,33419300
2017-01-01,NH,Nuevo Hampshire,5435089
2017-01-01,NJ,Nueva Jersey,99041741
2017-01-01,NM,Nuevo Mexico,38229118
2017-01-01,NV,Nevada,77274935
2017-01-01,NY,Nueva York,241371226
2017-01-01,OH,Ohio,53032897
2017-01-01,OK,Oklahoma,59056275
2017-01-01,OR,Oregon,67763221
2017-01-01,PA,Pensilvania,59766584
2017-01-01,PR,Puerto Rico,2764766
2017-01-01,RI,Rhode Island,4132418
2017-01-01,SC,Carolina Del Sur,79504412
2017-01-01,SD,Dakota Del Sur,6317054
2017-01-01,TN,Tennessee,118080822
2017-01-01,TX,Texas,1025790486
2017-01-01,UT,Utah,47212440
2017-01-01,VA,Virginia,83588396
2017-01-01,VT,Vermont,6480133
2017-01-01,WA,Washington,139012446
2017-01-01,WI,Wisconsin,78492415
2017-01-01,WV,West Virginia,6031615
2017-01-01,WY,Wyoming,9909007
2017-01-01,XX,No Identificado,65182089
2017-04-01,AK,Alaska,9291913
2017-04-01,AL,Alabama,64141186
2017-04-01,AR,Arkansas,59125776
2017-04-01,AZ,Arizona,184471616
2017-04-01,CA,California,2299897254
2017-04-01,CO,Colorado,192953446
2017-04-01,CT,Connecticut,21561919
2017-04-01,DC,"Washington, D.C.",3011972
2017-04-01,DE,Delaware,13044568
2017-04-01,FL,Florida,306519314
2017-04-01,GA,Georgia,287617568
2017-04-01,HI,Hawaii,8286727
2017-04-01,IA,Iowa,35033430
2017-04-01,ID,Idaho,30464091
2017-04-01,IL,Illinois,369038295
2017-04-01,IN,Indiana,81351889
2017-04-01,KS,Kansas,52565241
2017-04-01,KY,Kentucky,45602157
2017-04-01,LA,Luisiana,102298292
2017-04-01,MA,Massachusetts,22465348
2017-04-01,MD,Maryland,47944790
2017-04-01,ME,Maine,1926234
2017-04-01,MI,Michigan,81677985
2017-04-01,MN,Minnesota,139744539
2017-04-01,MO,Misuri,57142900
2017-04-01,MS,Mississipi,33837842
2017-04-01,MT,Montana,5608370
2017-04-01,NC,Carolina Del Norte,185916008
2017-04-01,ND,Dakota Del Norte,19200944
2017-04-01,NE,Nebraska,39496243
2017-04-01,NH,Nuevo Hampshire,5769688
2017-04-01,NJ,Nueva Jersey,115965058
2017-04-01,NM,Nuevo Mexico,41954160
2017-04-01,NV,Nevada,80592815
2017-04-01,NY,Nueva York,270161360
2017-04-01,OH,Ohio,64297725
2017-04-01,OK,Oklahoma,64360560
2017-04-01,OR,Oregon,74962460
2017-04-01,PA,Pensilvania,72244657
2017-04-01,PR,Puerto Rico,2982990
2017-04-01,RI,Rhode Island,5051006
2017-04-01,SC,Carolina Del Sur,84730086
2017-04-01,SD,Dakota Del Sur,8483371
2017-04-01,TN,Tennessee,123473752
2017-04-01,TX,Texas,1156512761
2017-04-01,UT,Utah,54624870
2017-04-01,VA,Virginia,96255365
2017-04-01,VT,Vermont,5615175
2017-04-01,WA,Washington,162881388
2017-04-01,WI,Wisconsin,80601016
2017-04-01,WV,West Virginia,6748025
2017-04-01,WY,Wyoming,11379756
2017-04-01,XX,No Identificado,78437313
2017-07-01,AK,Alaska,9219697
2017-07-01,AL,Alabama,61828382
2017-07-01,AR,Arkansas,57266507
2017-07-01,AZ,Arizona,179408002
2017-07-01,CA,California,2280446295
2017-07-01,CO,Colorado,188221130
2017-07-01,CT,Connecticut,21399238
2017-07-01,DC,"Washington, D.C.",2924023
2017-07-01,DE,Delaware,12991123
2017-07-01,FL,Florida,271726256
2017-07-01,GA,Georgia,273804300
2017-07-01,HI,Hawaii,8363875
2017-07-01,IA,Iowa,36603016
2017-07-01,ID,Idaho,32859547
2017-07-01,IL,Illinois,371798906
2017-07-01,IN,Indiana,82455799
2017-07-01,KS,Kansas,52634709
2017-07-01,KY,Kentucky,52396032
2017-07-01,LA,Luisiana,101665735
2017-07-01,MA,Massachusetts,22714778
2017-07-01,MD,Maryland,47689308
2017-07-01,ME,Maine,2346407
2017-07-01,MI,Michigan,92052785
2017-07-01,MN,Minnesota,141695569
2017-07-01,MO,Misuri,56786229
2017-07-01,MS,Mississipi,32483010
2017-07-01,MT,Montana,6086853
2017-07-01,NC,Carolina Del Norte,201141819
2017-07-01,ND,Dakota Del Norte,19674369
2017-07-01,NE,Nebraska,40912967
2017-07-01,NH,Nuevo Hampshire,5697253
2017-07-01,NJ,Nueva Jersey,113957040
2017-07-01,NM,Nuevo Mexico,42710532
2017-07-01,NV,Nevada,82812142
2017-07-01,NY,Nueva York,267289685
2017-07-01,OH,Ohio,66140927
2017-07-01,OK,Oklahoma,65078530
2017-07-01,OR,Oregon,82225017
2017-07-01,PA,Pensilvania,72339984
2017-07-01,PR,Puerto Rico,3015117
2017-07-01,RI,Rhode Island,5124867
2017-07-01,SC,Carolina Del Sur,81577554
2017-07-01,SD,Dakota Del Sur,9247830
2017-07-01,TN,Tennessee,127811320
2017-07-01,TX,Texas,1148645744
2017-07-01,UT,Utah,55355821
2017-07-01,VA,Virginia,100086987
2017-07-01,VT,Vermont,5701031
2017-07-01,WA,Washington,199099284
2017-07-01,WI,Wisconsin,80142154
2017-07-01,WV,West Virginia,6911790
2017-07-01,WY,Wyoming,12592097
2017-07-01,XX,No Identificado,59550236
2017-10-01,AK,Alaska,9488539
2017-10-01,AL,Alabama,64325579
2017-10-01,AR,Arkansas,59279773
2017-10-01,AZ,Arizona,188188437
2017-10-01,CA,California,2400885972
2017-10-01,CO,Colorado,208171143
2017-10-01,CT,Connecticut,21138805
2017-10-01,DC,"Washington, D.C.",2992246
2017-10-01,DE,Delaware,12141742
2017-10-01,FL,Florida,304711625
2017-10-01,GA,Georgia,283249074
2017-10-01,HI,Hawaii,8760249
2017-10-01,IA,Iowa,36885690
2017-10-01,ID,Idaho,32908431
2017-10-01,IL,Illinois,377072606
2017-10-01,IN,Indiana,82466960
2017-10-01,KS,Kansas,54543587
2017-10-01,KY,Kentucky,53733090
2017-10-01,LA,Luisiana,109059844
2017-10-01,MA,Massachusetts,23230037
2017-10-01,MD,Maryland,47297099
2017-10-01,ME,Maine,2050253
2017-10-01,MI,Michigan,87204032
2017-10-01,MN,Minnesota,149456052
2017-10-01,MO,Misuri,56622688
2017-10-01,MS,Mississipi,33964049
2017-10-01,MT,Montana,6086946
2017-10-01,NC,Carolina Del Norte,189199884
2017-10-01,ND,Dakota Del Norte,20102363
2017-10-01,NE,Nebraska,41944982
2017-10-01,NH,Nuevo Hampshire,5798066
2017-10-01,NJ,Nueva Jersey,111461940
2017-10-01,NM,Nuevo Mexico,44263247
2017-10-01,NV,Nevada,82939716
2017-10-01,NY,Nueva York,275614692
2017-10-01,OH,Ohio,64548551
2017-10-01,OK,Oklahoma,65641272
2017-10-01,OR,Oregon,84780686
2017-10-01,PA,Pensilvania,72961859
2017-10-01,PR,Puerto Rico,3116124
2017-10-01,RI,Rhode Island,5178110
2017-10-01,SC,Carolina Del Sur,82485487
2017-10-01,SD,Dakota Del Sur,9572168
2017-10-01,TN,Tennessee,128762856
2017-10-01,TX,Texas,1205704468
2017-10-01,UT,Utah,58636874
2017-10-01,VA,Virginia,98559576
2017-10-01,VT,Vermont,5868775
2017-10-01,WA,Washington,179859363
2017-10-01,WI,Wisconsin,83012241
2017-10-01,WV,West Virginia,6914766
2017-10-01,WY,Wyoming,12185746
2017-10-01,XX,No Identificado,59662716
2018-01-01,AK,Alaska,7803983
2018-01-01,AL,Alabama,54249835
2018-01-01,AR,Arkansas,49999713
2018-01-01,AZ,Arizona,202951076
2018-01-01,CA,California,2192741974
2018-01-01,CO,Colorado,185638080
2018-01-01,CT,Connecticut,17348561
2018-01-01,DC,"Washington, D.C.",2915742
2018-01-01,DE,Delaware,10154019
2018-01-01,FL,Florida,297808080
2018-01-01,GA,Georgia,240666322
2018-01-01,HI,Hawaii,7379232
2018-01-01,IA,Iowa,30930607
2018-01-01,ID,Idaho,23933903
2018-01-01,IL,Illinois,308756958
2018-01-01,IN,Indiana,73787679
2018-01-01,KS,Kansas,47365565
2018-01-01,KY,Kentucky,38297131
2018-01-01,LA,Luisiana,83390448
2018-01-01,MA,Massachusetts,18704926
2018-01-01,MD,Maryland,32795282
2018-01-01,ME,Maine,2287192
2018-01-01,MI,Michigan,73462739
2018-01-01,MN,Minnesota,179637284
2018-01-01,MO,Misuri,45297222
2018-01-01,MS,Mississipi,23175765
2018-01-01,MT,Montana,5237009
2018-01-01,NC,Carolina Del Norte,152823588
2018-01-01,ND,Dakota Del Norte,14249115
2018-01-01,NE,Nebraska,31252517
2018-01-01,NH,Nuevo Hampshire,5595520
2018-01-01,NJ,Nueva Jersey,95056166
2018-01-01,NM,Nuevo Mexico,46625341
2018-01-01,NV,Nevada,79851418
2018-01-01,NY,Nueva York,229961948
2018-01-01,OH,Ohio,53713856
2018-01-01,OK,Oklahoma,57935195
2018-01-01,OR,Oregon,71359514
2018-01-01,PA,Pensilvania,55359599
2018-01-01,PR,Puerto Rico,2471987
2018-01-01,RI,Rhode Island,3653454
2018-01-01,SC,Carolina Del Sur,75763563
2018-01-01,SD,Dakota Del Sur,7179312
2018-01-01,TN,Tennessee,111477984
2018-01-01,TX,Texas,1134258728
2018-01-01,UT,Utah,54330344
2018-01-01,VA,Virginia,80343102
2018-01-01,VT,Vermont,6880475
2018-01-01,WA,Washington,146026902
2018-01-01,WI,Wisconsin,76344760
2018-01-01,WV,West Virginia,7257748
2018-01-01,WY,Wyoming,10422132
2018-01-01,XX,No Identificado,78650159
2018-04-01,AK,Alaska,10275021
2018-04-01,AL,Alabama,77165406
2018-04-01,AR,Arkansas,61862848
2018-04-01,AZ,Arizona,222536058
2018-04-01,CA,California,2746761318
2018-04-01,CO,Colorado,234650056
2018-04-01,CT,Connecticut,23710171
2018-04-01,DC,"Washington, D.C.",4928316
2018-04-01,DE,Delaware,14358573
2018-04-01,FL,Florida,362035777
2018-04-01,GA,Georgia,338108799
2018-04-01,HI,Hawaii,9759098
2018-04-01,IA,Iowa,43504632
2018-04-01,ID,Idaho,38395939
2018-04-01,IL,Illinois,414749150
2018-04-01,IN,Indiana,99598876
2018-04-01,KS,Kansas,62045387
2018-04-01,KY,Kentucky,53098281
2018-04-01,LA,Luisiana,123854607
2018-04-01,MA,Massachusetts,26761809
2018-04-01,MD,Maryland,55191882
2018-04-01,ME,Maine,2171254
2018-04-01,MI,Michigan,98634035
2018-04-01,MN,Minnesota,181931853
2018-04-01,MO,Misuri,65673074
2018-04-01,MS,Mississipi,38649039
2018-04-01,MT,Montana,6540262
2018-04-01,NC,Carolina Del Norte,215559184
2018-04-01,ND,Dakota Del Norte,22745435
2018-04-01,NE,Nebraska,46666135
2018-04-01,NH,Nuevo Hampshire,6382495
2018-04-01,NJ,Nueva Jersey,169045295
2018-04-01,NM,Nuevo Mexico,54359944
2018-04-01,NV,Nevada,97559330
2018-04-01,NY,Nueva York,312471313
2018-04-01,OH,Ohio,75742088
2018-04-01,OK,Oklahoma,76754852
2018-04-01,OR,Oregon,93642043
2018-04-01,PA,Pensilvania,80861752
2018-04-01,PR,Puerto Rico,3633487
2018-04-01,RI,Rhode Island,5965774
2018-04-01,SC,Carolina Del Sur,99330643
2018-04-01,SD,Dakota Del Sur,10578358
2018-04-01,TN,Tennessee,148991957
2018-04-01,TX,Texas,1385290434
2018-04-01,UT,Utah,69182640
2018-04-01,VA,Virginia,113885697
2018-04-01,VT,Vermont,6631749
2018-04-01,WA,Washington,206433003
2018-04-01,WI,Wisconsin,97577255
2018-04-01,WV,West Virginia,7765881
2018-04-01,WY,Wyoming,13631172
2018-04-01,XX,No Identificado,39490556
2018-07-01,AK,Alaska,9987727
2018-07-01,AL,Alabama,68753175
2018-07-01,AR,Arkansas,53259579
2018-07-01,AZ,Arizona,212163276
2018-07-01,CA,California,2486378865
2018-07-01,CO,Colorado,239709441
2018-07-01,CT,Connecticut,21944536
2018-07-01,DC,"Washington, D.C.",5643459
2018-07-01,DE,Delaware,13531079
2018-07-01,FL,Florida,307932848
2018-07-01,GA,Georgia,303169686
2018-07-01,HI,Hawaii,9042293
2018-07-01,IA,Iowa,41426629
2018-07-01,ID,Idaho,37577114
2018-07-01,IL,Illinois,372666426
2018-07-01,IN,Indiana,92393741
2018-07-01,KS,Kansas,56253468
2018-07-01,KY,Kentucky,55640182
2018-07-01,LA,Luisiana,112865940
2018-07-01,MA,Massachusetts,25227034
2018-07-01,MD,Maryland,50901856
2018-07-01,ME,Maine,2439036
2018-07-01,MI,Michigan,102687514
2018-07-01,MN,Minnesota,171585992
2018-07-01,MO,Misuri,60317270
2018-07-01,MS,Mississipi,34846878
2018-07-01,MT,Montana,6204911
2018-07-01,NC,Carolina Del Norte,209341634
2018-07-01,ND,Dakota Del Norte,21797999
2018-07-01,NE,Nebraska,43269008
2018-07-01,NH,Nuevo Hampshire,6005593
2018-07-01,NJ,Nueva Jersey,148337955
2018-07-01,NM,Nuevo Mexico,51510996
2018-07-01,NV,Nevada,89177917
2018-07-01,NY,Nueva York,287468949
2018-07-01,OH,Ohio,72632295
2018-07-01,OK,Oklahoma,70408783
2018-07-01,OR,Oregon,93052744
2018-07-01,PA,Pensilvania,75570733
2018-07-01,PR,Puerto Rico,3325411
2018-07-01,RI,Rhode Island,5534048
2018-07-01,SC,Carolina Del Sur,89368269
2018-07-01,SD,Dakota Del Sur,10631304
2018-07-01,TN,Tennessee,143169152
2018-07-01,TX,Texas,1249198042
2018-07-01,UT,Utah,63702794
2018-07-01,VA,Virginia,108393063
2018-07-01,VT,Vermont,6229807
2018-07-01,WA,Washington,217068573
2018-07-01,WI,Wisconsin,90012926
2018-07-01,WV,West Virginia,7936191
2018-07-01,WY,Wyoming,13169198
2018-07-01,XX,No Identificado,35734002
2018-10-01,AK,Alaska,10035138
2018-10-01,AL,Alabama,72487999
2018-10-01,AR,Arkansas,55534190
2018-10-01,AZ,Arizona,215720905
2018-10-01,CA,California,2694387666
2018-10-01,CO,Colorado,237996186
2018-10-01,CT,Connecticut,22599317
2018-10-01,DC,"Washington, D.C.",3388361
2018-10-01,DE,Delaware,13211670
2018-10-01,FL,Florida,335913575
2018-10-01,GA,Georgia,317725375
2018-10-01,HI,Hawaii,9704719
2018-10-01,IA,Iowa,42235685
2018-10-01,ID,Idaho,38981033
2018-10-01,IL,Illinois,404145813
2018-10-01,IN,Indiana,95359840
2018-10-01,KS,Kansas,59421718
2018-10-01,KY,Kentucky,58175659
2018-10-01,LA,Luisiana,121419866
2018-10-01,MA,Massachusetts,26633109
2018-10-01,MD,Maryland,52819610
2018-10-01,ME,Maine,2216695
2018-10-01,MI,Michigan,100392125
2018-10-01,MN,Minnesota,174969251
2018-10-01,MO,Misuri,62375092
2018-10-01,MS,Mississipi,37116607
2018-10-01,MT,Montana,6369041
2018-10-01,NC,Carolina Del Norte,205512771
2018-10-01,ND,Dakota Del Norte,23089284
2018-10-01,NE,Nebraska,45876829
2018-10-01,NH,Nuevo Hampshire,6437975
2018-10-01,NJ,Nueva Jersey,143531702
2018-10-01,NM,Nuevo Mexico,54027465
2018-10-01,NV,Nevada,92102602
2018-10-01,NY,Nueva York,308444058
2018-10-01,OH,Ohio,73684098
2018-10-01,OK,Oklahoma,72927745
2018-10-01,OR,Oregon,98502840
2018-10-01,PA,Pensilvania,79799403
2018-10-01,PR,Puerto Rico,3546823
2018-10-01,RI,Rhode Island,5788506
2018-10-01,SC,Carolina Del Sur,90088859
2018-10-01,SD,Dakota Del Sur,11240993
2018-10-01,TN,Tennessee,143840054
2018-10-01,TX,Texas,1325092604
2018-10-01,UT,Utah,69105530
2018-10-01,VA,Virginia,109901109
2018-10-01,VT,Vermont,6584625
2018-10-01,WA,Washington,197870872
2018-10-01,WI,Wisconsin,96121079
2018-10-01,WV,West Virginia,8126950
2018-10-01,WY,Wyoming,12900471
2018-10-01,XX,No Identificado,73157552
2019-01-01,AK,Alaska,10132788
2019-01-01,AL,Alabama,68124893
2019-01-01,AR,Arkansas,50131746
2019-01-01,AZ,Arizona,209526865
2019-01-01,CA,California,2406021833
2019-01-01,CO,Colorado,210513121
2019-01-01,CT,Connecticut,19993498
2019-01-01,DC,"Washington, D.C.",3199938
2019-01-01,DE,Delaware,11491626
2019-01-01,FL,Florida,326313094
2019-01-01,GA,Georgia,288866091
2019-01-01,HI,Hawaii,8848335
2019-01-01,IA,Iowa,35774371
2019-01-01,ID,Idaho,27050607
2019-01-01,IL,Illinois,370705084
2019-01-01,IN,Indiana,82436842
2019-01-01,KS,Kansas,53278371
2019-01-01,KY,Kentucky,42379313
2019-01-01,LA,Luisiana,107805294
2019-01-01,MA,Massachusetts,24228342
2019-01-01,MD,Maryland,45142480
2019-01-01,ME,Maine,1950612
2019-01-01,MI,Michigan,84904459
2019-01-01,MN,Minnesota,153658991
2019-01-01,MO,Misuri,52917161
2019-01-01,MS,Mississipi,31755153
2019-01-01,MT,Montana,5799348
2019-01-01,NC,Carolina Del Norte,178095172
2019-01-01,ND,Dakota Del Norte,21313242
2019-01-01,NE,Nebraska,40837615
2019-01-01,NH,Nuevo Hampshire,5689315
2019-01-01,NJ,Nueva Jersey,128396851
2019-01-01,NM,Nuevo Mexico,51823904
2019-01-01,NV,Nevada,84592661
2019-01-01,NY,Nueva York,277852676
2019-01-01,OH,Ohio,62782269
2019-01-01,OK,Oklahoma,65967175
2019-01-01,OR,Oregon,76556865
2019-01-01,PA,Pensilvania,69557927
2019-01-01,PR,Puerto Rico,3283713
2019-01-01,RI,Rhode Island,5189933
2019-01-01,SC,Carolina Del Sur,82983482
2019-01-01,SD,Dakota Del Sur,9456781
2019-01-01,TN,Tennessee,127464057
2019-01-01,TX,Texas,1223160694
2019-01-01,UT,Utah,59382006
2019-01-01,VA,Virginia,96433057
2019-01-01,VT,Vermont,6050892
2019-01-01,WA,Washington,148498810
2019-01-01,WI,Wisconsin,86342647
2019-01-01,WV,West Virginia,7042959
2019-01-01,WY,Wyoming,11801486
2019-01-01,XX,No Identificado,29688536
2019-04-01,AK,Alaska,11657902
2019-04-01,AL,Alabama,81209295
2019-04-01,AR,Arkansas,60488789
2019-04-01,AZ,Arizona,244739707
2019-04-01,CA,California,2827298892
2019-04-01,CO,Colorado,277903324
2019-04-01,CT,Connecticut,24074354
2019-04-01,DC,"Washington, D.C.",3745505
2019-04-01,DE,Delaware,14894837
2019-04-01,FL,Florida,373142942
2019-04-01,GA,Georgia,358683849
2019-04-01,HI,Hawaii,10381283
2019-04-01,IA,Iowa,43549568
2019-04-01,ID,Idaho,41155361
2019-04-01,IL,Illinois,419184247
2019-04-01,IN,Indiana,99837331
2019-04-01,KS,Kansas,64705402
2019-04-01,KY,Kentucky,55453055
2019-04-01,LA,Luisiana,130320546
2019-04-01,MA,Massachusetts,29263413
2019-04-01,MD,Maryland,56790167
2019-04-01,ME,Maine,2375220
2019-04-01,MI,Michigan,106141437
2019-04-01,MN,Minnesota,181478665
2019-04-01,MO,Misuri,67476720
2019-04-01,MS,Mississipi,40378768
2019-04-01,MT,Montana,7415914
2019-04-01,NC,Carolina Del Norte,230955711
2019-04-01,ND,Dakota Del Norte,24704258
2019-04-01,NE,Nebraska,49915774
2019-04-01,NH,Nuevo Hampshire,7159287
2019-04-01,NJ,Nueva Jersey,156322215
2019-04-01,NM,Nuevo Mexico,61920261
2019-04-01,NV,Nevada,100091321
2019-04-01,NY,Nueva York,327781120
2019-04-01,OH,Ohio,82872433
2019-04-01,OK,Oklahoma,78050264
2019-04-01,OR,Oregon,94445563
2019-04-01,PA,Pensilvania,85988079
2019-04-01,PR,Puerto Rico,3843548
2019-04-01,RI,Rhode Island,6386008
2019-04-01,SC,Carolina Del Sur,103982783
2019-04-01,SD,Dakota Del Sur,11580244
2019-04-01,TN,Tennessee,156819850
2019-04-01,TX,Texas,1441262892
2019-04-01,UT,Utah,72786781
2019-04-01,VA,Virginia,119684424
2019-04-01,VT,Vermont,7243697
2019-04-01,WA,Washington,204964141
2019-04-01,WI,Wisconsin,98920319
2019-04-01,WV,West Virginia,8712900
2019-04-01,WY,Wyoming,13754165
2019-04-01,XX,No Identificado,36677212
2019-07-01,AK,Alaska,17756014
2019-07-01,AL,Alabama,69520349
2019-07-01,AR,Arkansas,62816524
2019-07-01,AZ,Arizona,271258053
2019-07-01,CA,California,2867209861
2019-07-01,CO,Colorado,299926560
2019-07-01,CT,Connecticut,22291609
2019-07-01,DC,"Washington, D.C.",2791508
2019-07-01,DE,Delaware,15054531
2019-07-01,FL,Florida,345166358
2019-07-01,GA,Georgia,309042131
2019-07-01,HI,Hawaii,7833772
2019-07-01,IA,Iowa,50327797
2019-07-01,ID,Idaho,48933954
2019-07-01,IL,Illinois,384979072
2019-07-01,IN,Indiana,106373115
2019-07-01,KS,Kansas,67720750
2019-07-01,KY,Kentucky,70865407
2019-07-01,LA,Luisiana,96166771
2019-07-01,MA,Massachusetts,27966693
2019-07-01,MD,Maryland,49802787
2019-07-01,ME,Maine,6685400
2019-07-01,MI,Michigan,124467456
2019-07-01,MN,Minnesota,209461063
2019-07-01,MO,Misuri,77514439
2019-07-01,MS,Mississipi,37947875
2019-07-01,MT,Montana,11442980
2019-07-01,NC,Carolina Del Norte,254205356
2019-07-01,ND,Dakota Del Norte,50570161
2019-07-01,NE,Nebraska,53330342
2019-07-01,NH,Nuevo Hampshire,8822665
2019-07-01,NJ,Nueva Jersey,146145022
2019-07-01,NM,Nuevo Mexico,71734088
2019-07-01,NV,Nevada,111364517
2019-07-01,NY,Nueva York,316145631
2019-07-01,OH,Ohio,98546191
2019-07-01,OK,Oklahoma,73902203
2019-07-01,OR,Oregon,111596761
2019-07-01,PA,Pensilvania,86256454
2019-07-01,PR,Puerto Rico,2644660
2019-07-01,RI,Rhode Island,5297044
2019-07-01,SC,Carolina Del Sur,97731504
2019-07-01,SD,Dakota Del Sur,13920018
2019-07-01,TN,Tennessee,171630620
2019-07-01,TX,Texas,1595840105
2019-07-01,UT,Utah,76927102
2019-07-01,VA,Virginia,108627294
2019-07-01,VT,Vermont,6699730
2019-07-01,WA,Washington,257521376
2019-07-01,WI,Wisconsin,106644842
2019-07-01,WV,West Virginia,11287459
2019-07-01,WY,Wyoming,15857595
2019-07-01,XX,No Identificado,35864574
2019-10-01,AK,Alaska,12449093
2019-10-01,AL,Alabama,63364379
2019-10-01,AR,Arkansas,57001973
2019-10-01,AZ,Arizona,286131047
2019-10-01,CA,California,2784708832
2019-10-01,CO,Colorado,280569196
2019-10-01,CT,Connecticut,21881733
2019-10-01,DC,"Washington, D.C.",3102182
2019-10-01,DE,Delaware,12533003
2019-10-01,FL,Florida,318519248
2019-10-01,GA,Georgia,292029790
2019-10-01,HI,Hawaii,7893722
2019-10-01,IA,Iowa,44201987
2019-10-01,ID,Idaho,43856894
2019-10-01,IL,Illinois,329510000
2019-10-01,IN,Indiana,97551058
2019-10-01,KS,Kansas,66013858
2019-10-01,KY,Kentucky,63568636
2019-10-01,LA,Luisiana,99112027
2019-10-01,MA,Massachusetts,24438659
2019-10-01,MD,Maryland,41128562
2019-10-01,ME,Maine,6023207
2019-10-01,MI,Michigan,98061664
2019-10-01,MN,Minnesota,206005657
2019-10-01,MO,Misuri,67601912
2019-10-01,MS,Mississipi,35237359
2019-10-01,MT,Montana,7092694
2019-10-01,NC,Carolina Del Norte,232701436
2019-10-01,ND,Dakota Del Norte,35392793
2019-10-01,NE,Nebraska,51494017
2019-10-01,NH,Nuevo Hampshire,7699609
2019-10-01,NJ,Nueva Jersey,130866518
2019-10-01,NM,Nuevo Mexico,67703821
2019-10-01,NV,Nevada,104479935
2019-10-01,NY,Nueva York,289229718
2019-10-01,OH,Ohio,81476423
2019-10-01,OK,Oklahoma,68492309
2019-10-01,OR,Oregon,101998063
2019-10-01,PA,Pensilvania,73665390
2019-10-01,PR,Puerto Rico,2874132
2019-10-01,RI,Rhode Island,5043518
2019-10-01,SC,Carolina Del Sur,90070537
2019-10-01,SD,Dakota Del Sur,11223725
2019-10-01,TN,Tennessee,155185806
2019-10-01,TX,Texas,1546047757
2019-10-01,UT,Utah,72501755
2019-10-01,VA,Virginia,94032654
2019-10-01,VT,Vermont,4594890
2019-10-01,WA,Washington,208130519
2019-10-01,WI,Wisconsin,97772364
2019-10-01,WV,West Virginia,9326749
2019-10-01,WY,Wyoming,13922899
2019-10-01,XX,No Identificado,26399966
2020-01-01,AK,Alaska,14275632
2020-01-01,AL,Alabama,67206147
2020-01-01,AR,Arkansas,53275133
2020-01-01,AZ,Arizona,348333201
2020-01-01,CA,California,3094547311
2020-01-01,CO,Colorado,264079189
2020-01-01,CT,Connecticut,19648542
2020-01-01,DC,"Washington, D.C.",2638021
2020-01-01,DE,Delaware,12378516
2020-01-01,FL,Florida,376595393
2020-01-01,GA,Georgia,253545094
2020-01-01,HI,Hawaii,8037720
2020-01-01,IA,Iowa,39987758
2020-01-01,ID,Idaho,34786315
2020-01-01,IL,Illinois,339310758
2020-01-01,IN,Indiana,91369403
2020-01-01,KS,Kansas,64189891
2020-01-01,KY,Kentucky,48303366
2020-01-01,LA,Luisiana,93273684
2020-01-01,MA,Massachusetts,21616182
2020-01-01,MD,Maryland,36896793
2020-01-01,ME,Maine,2836155
2020-01-01,MI,Michigan,89255161
2020-01-01,MN,Minnesota,119513774
2020-01-01,MO,Misuri,57718953
2020-01-01,MS,Mississipi,28812948
2020-01-01,MT,Montana,4586830
2020-01-01,NC,Carolina Del Norte,191512588
2020-01-01,ND,Dakota Del Norte,20591879
2020-01-01,NE,Nebraska,46777595
2020-01-01,NH,Nuevo Hampshire,6163011
2020-01-01,NJ,Nueva Jersey,129512397
2020-01-01,NM,Nuevo Mexico,70775781
2020-01-01,NV,Nevada,112266499
2020-01-01,NY,Nueva York,273975106
2020-01-01,OH,Ohio,70759980
2020-01-01,OK,Oklahoma,66741757
2020-01-01,OR,Oregon,96308807
2020-01-01,PA,Pensilvania,62810092
2020-01-01,PR,Puerto Rico,359154
2020-01-01,RI,Rhode Island,4539759
2020-01-01,SC,Carolina Del Sur,85468599
2020-01-01,SD,Dakota Del Sur,8112417
2020-01-01,TN,Tennessee,145627749
2020-01-01,TX,Texas,1588874858
2020-01-01,UT,Utah,72656315
2020-01-01,VA,Virginia,83670208
2020-01-01,VT,Vermont,2059559
2020-01-01,WA,Washington,182935501
2020-01-01,WI,Wisconsin,94264343
2020-01-01,WV,West Virginia,8174040
2020-01-01,WY,Wyoming,11439748
2020-01-01,XX,No Identificado,191049423
2020-04-01,AK,Alaska,20845230
2020-04-01,AL,Alabama,68708719
2020-04-01,AR,Arkansas,62140364
2020-04-01,AZ,Arizona,435138906
2020-04-01,CA,California,3252491731
2020-04-01,CO,Colorado,282787406
2020-04-01,CT,Connecticut,18770027
2020-04-01,DC,"Washington, D.C.",1711592
2020-04-01,DE,Delaware,13228277
2020-04-01,FL,Florida,327758495
2020-04-01,GA,Georgia,288903232
2020-04-01,HI,Hawaii,7881426
2020-04-01,IA,Iowa,44031561
2020-04-01,ID,Idaho,45861190
2020-04-01,IL,Illinois,308936114
2020-04-01,IN,Indiana,93420030
2020-04-01,KS,Kansas,70599390
2020-04-01,KY,Kentucky,53315676
2020-04-01,LA,Luisiana,105445847
2020-04-01,MA,Massachusetts,18940078
2020-04-01,MD,Maryland,35619691
2020-04-01,ME,Maine,4020399
2020-04-01,MI,Michigan,97788155
2020-04-01,MN,Minnesota,123651553
2020-04-01,MO,Misuri,71706644
2020-04-01,MS,Mississipi,34824735
2020-04-01,MT,Montana,9471631
2020-04-01,NC,Carolina Del Norte,218969416
2020-04-01,ND,Dakota Del Norte,26557080
2020-04-01,NE,Nebraska,51642919
2020-04-01,NH,Nuevo Hampshire,7527518
2020-04-01,NJ,Nueva Jersey,123115162
2020-04-01,NM,Nuevo Mexico,79596005
2020-04-01,NV,Nevada,117978938
2020-04-01,NY,Nueva York,220964406
2020-04-01,OH,Ohio,83205123
2020-04-01,OK,Oklahoma,72737426
2020-04-01,OR,Oregon,101720764
2020-04-01,PA,Pensilvania,67260433
2020-04-01,PR,Puerto Rico,442167
2020-04-01,RI,Rhode Island,3973565
2020-04-01,SC,Carolina Del Sur,93976883
2020-04-01,SD,Dakota Del Sur,10159849
2020-04-01,TN,Tennessee,160745939
2020-04-01,TX,Texas,1768044188
2020-04-01,UT,Utah,81602832
2020-04-01,VA,Virginia,89256033
2020-04-01,VT,Vermont,1772271
2020-04-01,WA,Washington,212514272
2020-04-01,WI,Wisconsin,97316444
2020-04-01,WV,West Virginia,7522713
2020-04-01,WY,Wyoming,12645640
2020-04-01,XX,No Identificado,182618966
2020-07-01,AK,Alaska,23395421
2020-07-01,AL,Alabama,73838964
2020-07-01,AR,Arkansas,69606803
2020-07-01,AZ,Arizona,389953610
2020-07-01,CA,California,3568875245
2020-07-01,CO,Colorado,279991825
2020-07-01,CT,Connecticut,20642038
2020-07-01,DC,"Washington, D.C.",2572263
2020-07-01,DE,Delaware,14505098
2020-07-01,FL,Florida,327498417
2020-07-01,GA,Georgia,292576988
2020-07-01,HI,Hawaii,8460230
2020-07-01,IA,Iowa,52385623
2020-07-01,ID,Idaho,49271931
2020-07-01,IL,Illinois,342201081
2020-07-01,IN,Indiana,109051282
2020-07-01,KS,Kansas,73540233
2020-07-01,KY,Kentucky,65737061
2020-07-01,LA,Luisiana,88402361
2020-07-01,MA,Massachusetts,23482264
2020-07-01,MD,Maryland,43001239
2020-07-01,ME,Maine,10380149
2020-07-01,MI,Michigan,131255435
2020-07-01,MN,Minnesota,146731451
2020-07-01,MO,Misuri,84377447
2020-07-01,MS,Mississipi,36066883
2020-07-01,MT,Montana,12699940
2020-07-01,NC,Carolina Del Norte,249963334
2020-07-01,ND,Dakota Del Norte,33971692
2020-07-01,NE,Nebraska,52922569
2020-07-01,NH,Nuevo Hampshire,8459839
2020-07-01,NJ,Nueva Jersey,142487951
2020-07-01,NM,Nuevo Mexico,79562820
2020-07-01,NV,Nevada,125421662
2020-07-01,NY,Nueva York,268828439
2020-07-01,OH,Ohio,97692611
2020-07-01,OK,Oklahoma,74282101
2020-07-01,OR,Oregon,117523345
2020-07-01,PA,Pensilvania,79712797
2020-07-01,PR,Puerto Rico,549047
2020-07-01,RI,Rhode Island,5384434
2020-07-01,SC,Carolina Del Sur,97776602
2020-07-01,SD,Dakota Del Sur,13174774
2020-07-01,TN,Tennessee,179111940
2020-07-01,TX,Texas,1750007809
2020-07-01,UT,Utah,84560987
2020-07-01,VA,Virginia,104530655
2020-07-01,VT,Vermont,2264039
2020-07-01,WA,Washington,256719803
2020-07-01,WI,Wisconsin,108471050
2020-07-01,WV,West Virginia,9296517
2020-07-01,WY,Wyoming,14237052
2020-07-01,XX,No Identificado,186659228
2020-10-01,AK,Alaska,19668427
2020-10-01,AL,Alabama,76364698
2020-10-01,AR,Arkansas,65087207
2020-10-01,AZ,Arizona,391731351
2020-10-01,CA,California,3646357987
2020-10-01,CO,Colorado,282385428
2020-10-01,CT,Connecticut,20623025
2020-10-01,DC,"Washington, D.C.",2613479
2020-10-01,DE,Delaware,13670749
2020-10-01,FL,Florida,343837336
2020-10-01,GA,Georgia,297909216
2020-10-01,HI,Hawaii,8135764
2020-10-01,IA,Iowa,48235500
2020-10-01,ID,Idaho,47234672
2020-10-01,IL,Illinois,348471380
2020-10-01,IN,Indiana,105303161
2020-10-01,KS,Kansas,72778543
2020-10-01,KY,Kentucky,62043494
2020-10-01,LA,Luisiana,103059851
2020-10-01,MA,Massachusetts,24253498
2020-10-01,MD,Maryland,42664595
2020-10-01,ME,Maine,5233462
2020-10-01,MI,Michigan,115159805
2020-10-01,MN,Minnesota,166620209
2020-10-01,MO,Misuri,75751904
2020-10-01,MS,Mississipi,37345680
2020-10-01,MT,Montana,6974771
2020-10-01,NC,Carolina Del Norte,234513400
2020-10-01,ND,Dakota Del Norte,24513762
2020-10-01,NE,Nebraska,48661005
2020-10-01,NH,Nuevo Hampshire,7744099
2020-10-01,NJ,Nueva Jersey,137280774
2020-10-01,NM,Nuevo Mexico,69439993
2020-10-01,NV,Nevada,123961576
2020-10-01,NY,Nueva York,265933689
2020-10-01,OH,Ohio,85353991
2020-10-01,OK,Oklahoma,72680578
2020-10-01,OR,Oregon,116186634
2020-10-01,PA,Pensilvania,74511046
2020-10-01,PR,Puerto Rico,466409
2020-10-01,RI,Rhode Island,5088639
2020-10-01,SC,Carolina Del Sur,95206711
2020-10-01,SD,Dakota Del Sur,10931391
2020-10-01,TN,Tennessee,179571492
2020-10-01,TX,Texas,1733995324
2020-10-01,UT,Utah,85209495
2020-10-01,VA,Virginia,106118482
2020-10-01,VT,Vermont,2285901
2020-10-01,WA,Washington,218043640
2020-10-01,WI,Wisconsin,108770096
2020-10-01,WV,West Virginia,9790319
2020-10-01,WY,Wyoming,13136722
2020-10-01,XX,No Identificado,185173606
2021-01-01,AK,Alaska,12350627
2021-01-01,AL,Alabama,76072578
2021-01-01,AR,Arkansas,55714565
2021-01-01,AZ,Arizona,430740971
2021-01-01,CA,California,3769545474
2021-01-01,CO,Colorado,257114459
2021-01-01,CT,Connecticut,19359744
2021-01-01,DC,"Washington, D.C.",2576229
2021-01-01,DE,Delaware,12113188
2021-01-01,FL,Florida,399471022
2021-01-01,GA,Georgia,288743847
2021-01-01,HI,Hawaii,8541367
2021-01-01,IA,Iowa,43745940
2021-01-01,ID,Idaho,39511363
2021-01-01,IL,Illinois,357888382
2021-01-01,IN,Indiana,111432317
2021-01-01,KS,Kansas,68667313
2021-01-01,KY,Kentucky,50264105
2021-01-01,LA,Luisiana,104510219
2021-01-01,MA,Massachusetts,26954620
2021-01-01,MD,Maryland,49060123
2021-01-01,ME,Maine,3594090
2021-01-01,MI,Michigan,104063966
2021-01-01,MN,Minnesota,173179703
2021-01-01,MO,Misuri,66541854
2021-01-01,MS,Mississipi,32337943
2021-01-01,MT,Montana,5849539
2021-01-01,NC,Carolina Del Norte,211085919
2021-01-01,ND,Dakota Del Norte,14982137
2021-01-01,NE,Nebraska,48808721
2021-01-01,NH,Nuevo Hampshire,7084833
2021-01-01,NJ,Nueva Jersey,138259444
2021-01-01,NM,Nuevo Mexico,72599238
2021-01-01,NV,Nevada,128548193
2021-01-01,NY,Nueva York,241408536
2021-01-01,OH,Ohio,76743614
2021-01-01,OK,Oklahoma,69811960
2021-01-01,OR,Oregon,107132947
2021-01-01,PA,Pensilvania,65213409
2021-01-01,PR,Puerto Rico,406768
2021-01-01,RI,Rhode Island,5026413
2021-01-01,SC,Carolina Del Sur,93375864
2021-01-01,SD,Dakota Del Sur,8288664
2021-01-01,TN,Tennessee,164260987
2021-01-01,TX,Texas,1742697507
2021-01-01,UT,Utah,85496364
2021-01-01,VA,Virginia,100125434
2021-01-01,VT,Vermont,2008033
2021-01-01,WA,Washington,190377052
2021-01-01,WI,Wisconsin,102453488
2021-01-01,WV,West Virginia,8330527
2021-01-01,WY,Wyoming,11937046
2021-01-01,XX,No Identificado,184764313
2021-04-01,AK,Alaska,9847633
2021-04-01,AL,Alabama,89087120
2021-04-01,AR,Arkansas,77727563
2021-04-01,AZ,Arizona,499653231
2021-04-01,CA,California,4471374114
2021-04-01,CO,Colorado,317559005
2021-04-01,CT,Connecticut,25610843
2021-04-01,DC,"Washington, D.C.",2873892
2021-04-01,DE,Delaware,15633648
2021-04-01,FL,Florida,470715340
2021-04-01,GA,Georgia,407684997
2021-04-01,HI,Hawaii,11067542
2021-04-01,IA,Iowa,56535545
2021-04-01,ID,Idaho,59441076
2021-04-01,IL,Illinois,412726723
2021-04-01,IN,Indiana,145583625
2021-04-01,KS,Kansas,86681372
2021-04-01,KY,Kentucky,67456089
2021-04-01,LA,Luisiana,137397377
2021-04-01,MA,Massachusetts,37504496
2021-04-01,MD,Maryland,69318847
2021-04-01,ME,Maine,4659532
2021-04-01,MI,Michigan,139369065
2021-04-01,MN,Minnesota,223744792
2021-04-01,MO,Misuri,90809137
2021-04-01,MS,Mississipi,42347364
2021-04-01,MT,Montana,11005978
2021-04-01,NC,Carolina Del Norte,268921711
2021-04-01,ND,Dakota Del Norte,34651469
2021-04-01,NE,Nebraska,58792510
2021-04-01,NH,Nuevo Hampshire,11119329
2021-04-01,NJ,Nueva Jersey,169833099
2021-04-01,NM,Nuevo Mexico,89985704
2021-04-01,NV,Nevada,153634302
2021-04-01,NY,Nueva York,304881622
2021-04-01,OH,Ohio,107793335
2021-04-01,OK,Oklahoma,85947849
2021-04-01,OR,Oregon,123778635
2021-04-01,PA,Pensilvania,93255710
2021-04-01,PR,Puerto Rico,405369
2021-04-01,RI,Rhode Island,6199181
2021-04-01,SC,Carolina Del Sur,116041340
2021-04-01,SD,Dakota Del Sur,11991591
2021-04-01,TN,Tennessee,210614252
2021-04-01,TX,Texas,2163976403
2021-04-01,UT,Utah,104882546
2021-04-01,VA,Virginia,127751620
2021-04-01,VT,Vermont,1892098
2021-04-01,WA,Washington,250909512
2021-04-01,WI,Wisconsin,121537924
2021-04-01,WV,West Virginia,11418258
2021-04-01,WY,Wyoming,15280766
2021-04-01,XX,No Identificado,172396134
2021-07-01,AK,Alaska,13665704
2021-07-01,AL,Alabama,86664484
2021-07-01,AR,Arkansas,80582591
2021-07-01,AZ,Arizona,465679483
2021-07-01,CA,California,4456135246
2021-07-01,CO,Colorado,321681897
2021-07-01,CT,Connecticut,28648898
2021-07-01,DC,"Washington, D.C.",3488925
2021-07-01,DE,Delaware,16864751
2021-07-01,FL,Florida,416501911
2021-07-01,GA,Georgia,380939070
2021-07-01,HI,Hawaii,12351952
2021-07-01,IA,Iowa,64680060
2021-07-01,ID,Idaho,64698054
2021-07-01,IL,Illinois,426260854
2021-07-01,IN,Indiana,156514327
2021-07-01,KS,Kansas,87964339
2021-07-01,KY,Kentucky,77050509
2021-07-01,LA,Luisiana,111815750
2021-07-01,MA,Massachusetts,40054385
2021-07-01,MD,Maryland,60749005
2021-07-01,ME,Maine,14706147
2021-07-01,MI,Michigan,156122956
2021-07-01,MN,Minnesota,252230648
2021-07-01,MO,Misuri,95020854
2021-07-01,MS,Mississipi,42091525
2021-07-01,MT,Montana,17975581
2021-07-01,NC,Carolina Del Norte,270221878
2021-07-01,ND,Dakota Del Norte,57162924
2021-07-01,NE,Nebraska,65236236
2021-07-01,NH,Nuevo Hampshire,12175506
2021-07-01,NJ,Nueva Jersey,189773865
2021-07-01,NM,Nuevo Mexico,92354448
2021-07-01,NV,Nevada,152899902
2021-07-01,NY,Nueva York,342958202
2021-07-01,OH,Ohio,120057392
2021-07-01,OK,Oklahoma,83524380
2021-07-01,OR,Oregon,135943774
2021-07-01,PA,Pensilvania,106730793
2021-07-01,PR,Puerto Rico,431452
2021-07-01,RI,Rhode Island,6956373
2021-07-01,SC,Carolina Del Sur,111909618
2021-07-01,SD,Dakota Del Sur,16269134
2021-07-01,TN,Tennessee,217227257
2021-07-01,TX,Texas,2220391307
2021-07-01,UT,Utah,107504393
2021-07-01,VA,Virginia,134277624
2021-07-01,VT,Vermont,2114702
2021-07-01,WA,Washington,282146489
2021-07-01,WI,Wisconsin,130698205
2021-07-01,WV,West Virginia,12260103
2021-07-01,WY,Wyoming,18799555
2021-07-01,XX,No Identificado,265560332
2021-10-01,AK,Alaska,10529392
2021-10-01,AL,Alabama,89832254
2021-10-01,AR,Arkansas,78566770
2021-10-01,AZ,Arizona,527906819
2021-10-01,CA,California,4850478897
2021-10-01,CO,Colorado,312576051
2021-10-01,CT,Connecticut,24622348
2021-10-01,DC,"Washington, D.C.",3608669
2021-10-01,DE,Delaware,15876439
2021-10-01,FL,Florida,447135660
2021-10-01,GA,Georgia,355068259
2021-10-01,HI,Hawaii,12928158
2021-10-01,IA,Iowa,61126936
2021-10-01,ID,Idaho,62546985
2021-10-01,IL,Illinois,448801994
2021-10-01,IN,Indiana,157779878
2021-10-01,KS,Kansas,91117380
2021-10-01,KY,Kentucky,76786191
2021-10-01,LA,Luisiana,148334432
2021-10-01,MA,Massachusetts,37546060
2021-10-01,MD,Maryland,54053125
2021-10-01,ME,Maine,7443640
2021-10-01,MI,Michigan,146442547
2021-10-01,MN,Minnesota,248346642
2021-10-01,MO,Misuri,88412476
2021-10-01,MS,Mississipi,44634719
2021-10-01,MT,Montana,12450068
2021-10-01,NC,Carolina Del Norte,266887336
2021-10-01,ND,Dakota Del Norte,39008673
2021-10-01,NE,Nebraska,64261917
2021-10-01,NH,Nuevo Hampshire,11451653
2021-10-01,NJ,Nueva Jersey,183417110
2021-10-01,NM,Nuevo Mexico,90539005
2021-10-01,NV,Nevada,158820832
2021-10-01,NY,Nueva York,327061338
2021-10-01,OH,Ohio,107041523
2021-10-01,OK,Oklahoma,88210822
2021-10-01,OR,Oregon,137741574
2021-10-01,PA,Pensilvania,103331579
2021-10-01,PR,Puerto Rico,547909
2021-10-01,RI,Rhode Island,6195666
2021-10-01,SC,Carolina Del Sur,110919382
2021-10-01,SD,Dakota Del Sur,13412106
2021-10-01,TN,Tennessee,216457261
2021-10-01,TX,Texas,2352920426
2021-10-01,UT,Utah,110410557
2021-10-01,VA,Virginia,130857825
2021-10-01,VT,Vermont,2443996
2021-10-01,WA,Washington,266544074
2021-10-01,WI,Wisconsin,127963640
2021-10-01,WV,West Virginia,11598898
2021-10-01,WY,Wyoming,16616982
2021-10-01,XX,No Identificado,263897549
2022-01-01,AK,Alaska,8974723
2022-01-01,AL,Alabama,81051959
2022-01-01,AR,Arkansas,61404998
2022-01-01,AZ,Arizona,507166090
2022-01-01,CA,California,4405881415
2022-01-01,CO,Colorado,256184814
2022-01-01,CT,Connecticut,19633932
2022-01-01,DC,"Washington, D.C.",3081748
2022-01-01,DE,Delaware,12119845
2022-01-01,FL,Florida,455230578
2022-01-01,GA,Georgia,326231974
2022-01-01,HI,Hawaii,11644097
2022-01-01,IA,Iowa,46738212
2022-01-01,ID,Idaho,42596893
2022-01-01,IL,Illinois,402645552
2022-01-01,IN,Indiana,131567078
2022-01-01,KS,Kansas,77105359
2022-01-01,KY,Kentucky,59685948
2022-01-01,LA,Luisiana,130782613
2022-01-01,MA,Massachusetts,30267179
2022-01-01,MD,Maryland,44958092
2022-01-01,ME,Maine,3798158
2022-01-01,MI,Michigan,124959786
2022-01-01,MN,Minnesota,202028394
2022-01-01,MO,Misuri,73708901
2022-01-01,MS,Mississipi,36345305
2022-01-01,MT,Montana,10571526
2022-01-01,NC,Carolina Del Norte,220319666
2022-01-01,ND,Dakota Del Norte,22610924
2022-01-01,NE,Nebraska,53381575
2022-01-01,NH,Nuevo Hampshire,8627910
2022-01-01,NJ,Nueva Jersey,159694008
2022-01-01,NM,Nuevo Mexico,81151621
2022-01-01,NV,Nevada,141745937
2022-01-01,NY,Nueva York,267150810
2022-01-01,OH,Ohio,83064703
2022-01-01,OK,Oklahoma,72396802
2022-01-01,OR,Oregon,109444151
2022-01-01,PA,Pensilvania,77933278
2022-01-01,PR,Puerto Rico,468630
2022-01-01,RI,Rhode Island,5152180
2022-01-01,SC,Carolina Del Sur,97798695
2022-01-01,SD,Dakota Del Sur,7947056
2022-01-01,TN,Tennessee,187491963
2022-01-01,TX,Texas,2061137953
2022-01-01,UT,Utah,96351630
2022-01-01,VA,Virginia,104062537
2022-01-01,VT,Vermont,1598392
2022-01-01,WA,Washington,220008422
2022-01-01,WI,Wisconsin,110497375
2022-01-01,WV,West Virginia,9915930
2022-01-01,WY,Wyoming,13901033
2022-01-01,XX,No Identificado,238662300
2022-04-01,AK,Alaska,10186988
2022-04-01,AL,Alabama,100963696
2022-04-01,AR,Arkansas,90297947
2022-04-01,AZ,Arizona,572936972
2022-04-01,CA,California,5078237806
2022-04-01,CO,Colorado,325608451
2022-04-01,CT,Connecticut,27242166
2022-04-01,DC,"Washington, D.C.",3670932
2022-04-01,DE,Delaware,16603667
2022-04-01,FL,Florida,492908779
2022-04-01,GA,Georgia,396842231
2022-04-01,HI,Hawaii,14096632
2022-04-01,IA,Iowa,63177854
2022-04-01,ID,Idaho,65729884
2022-04-01,IL,Illinois,448651066
2022-04-01,IN,Indiana,165222193
2022-04-01,KS,Kansas,97838163
2022-04-01,KY,Kentucky,75619417
2022-04-01,LA,Luisiana,158534090
2022-04-01,MA,Massachusetts,38991920
2022-04-01,MD,Maryland,60522718
2022-04-01,ME,Maine,6633455
2022-04-01,MI,Michigan,174441118
2022-04-01,MN,Minnesota,250140792
2022-04-01,MO,Misuri,99507976
2022-04-01,MS,Mississipi,46931718
2022-04-01,MT,Montana,19557026
2022-04-01,NC,Carolina Del Norte,290051477
2022-04-01,ND,Dakota Del Norte,42691568
2022-04-01,NE,Nebraska,61530582
2022-04-01,NH,Nuevo Hampshire,12619424
2022-04-01,NJ,Nueva Jersey,200776186
2022-04-01,NM,Nuevo Mexico,97801288
2022-04-01,NV,Nevada,165353010
2022-04-01,NY,Nueva York,345584990
2022-04-01,OH,Ohio,119842226
2022-04-01,OK,Oklahoma,87814353
2022-04-01,OR,Oregon,128711756
2022-04-01,PA,Pensilvania,111251250
2022-04-01,PR,Puerto Rico,418681
2022-04-01,RI,Rhode Island,6476897
2022-04-01,SC,Carolina Del Sur,121697529
2022-04-01,SD,Dakota Del Sur,14466073
2022-04-01,TN,Tennessee,243053072
2022-04-01,TX,Texas,2398985385
2022-04-01,UT,Utah,123992609
2022-04-01,VA,Virginia,133519118
2022-04-01,VT,Vermont,2063445
2022-04-01,WA,Washington,257077376
2022-04-01,WI,Wisconsin,136443180
2022-04-01,WV,West Virginia,15541181
2022-04-01,WY,Wyoming,17631324
2022-04-01,XX,No Identificado,296434406
2022-07-01,AK,Alaska,15059887
2022-07-01,AL,Alabama,104303933
2022-07-01,AR,Arkansas,104996554
2022-07-01,AZ,Arizona,563497228
2022-07-01,CA,California,5207380593
2022-07-01,CO,Colorado,366915975
2022-07-01,CT,Connecticut,29003575
2022-07-01,DC,"Washington, D.C.",3682629
2022-07-01,DE,Delaware,17088344
2022-07-01,FL,Florida,476590617
2022-07-01,GA,Georgia,507039709
2022-07-01,HI,Hawaii,14800673
2022-07-01,IA,Iowa,73087899
2022-07-01,ID,Idaho,74695538
2022-07-01,IL,Illinois,486989967
2022-07-01,IN,Indiana,172006524
2022-07-01,KS,Kansas,103915425
2022-07-01,KY,Kentucky,85573447
2022-07-01,LA,Luisiana,129499452
2022-07-01,MA,Massachusetts,41287349
2022-07-01,MD,Maryland,64932930
2022-07-01,ME,Maine,15890814
2022-07-01,MI,Michigan,191505380
2022-07-01,MN,Minnesota,199433368
2022-07-01,MO,Misuri,116570404
2022-07-01,MS,Mississipi,48128196
2022-07-01,MT,Montana,22678915
2022-07-01,NC,Carolina Del Norte,316408198
2022-07-01,ND,Dakota Del Norte,71960899
2022-07-01,NE,Nebraska,71393695
2022-07-01,NH,Nuevo Hampshire,16028270
2022-07-01,NJ,Nueva Jersey,214680210
2022-07-01,NM,Nuevo Mexico,109618283
2022-07-01,NV,Nevada,173984446
2022-07-01,NY,Nueva York,384411721
2022-07-01,OH,Ohio,139871405
2022-07-01,OK,Oklahoma,86542452
2022-07-01,OR,Oregon,142927382
2022-07-01,PA,Pensilvania,129667581
2022-07-01,PR,Puerto Rico,534447
2022-07-01,RI,Rhode Island,6751985
2022-07-01,SC,Carolina Del Sur,126049795
2022-07-01,SD,Dakota Del Sur,21785849
2022-07-01,TN,Tennessee,255797124
2022-07-01,TX,Texas,2441397788
2022-07-01,UT,Utah,129044744
2022-07-01,VA,Virginia,142169936
2022-07-01,VT,Vermont,2723941
2022-07-01,WA,Washington,310388463
2022-07-01,WI,Wisconsin,154404698
2022-07-01,WV,West Virginia,15723617
2022-07-01,WY,Wyoming,20681998
2022-07-01,XX,No Identificado,318258906
2022-10-01,AK,Alaska,10705451
2022-10-01,AL,Alabama,109760533
2022-10-01,AR,Arkansas,96933913
2022-10-01,AZ,Arizona,587797040
2022-10-01,CA,California,5362212255
2022-10-01,CO,Colorado,374271584
2022-10-01,CT,Connecticut,32335293
2022-10-01,DC,"Washington, D.C.",5592840
2022-10-01,DE,Delaware,16729524
2022-10-01,FL,Florida,523594758
2022-10-01,GA,Georgia,403338615
2022-10-01,HI,Hawaii,17734581
2022-10-01,IA,Iowa,69189269
2022-10-01,ID,Idaho,71090192
2022-10-01,IL,Illinois,492390766
2022-10-01,IN,Indiana,168224917
2022-10-01,KS,Kansas,101900364
2022-10-01,KY,Kentucky,84028351
2022-10-01,LA,Luisiana,141731221
2022-10-01,MA,Massachusetts,39244964
2022-10-01,MD,Maryland,63566503
2022-10-01,ME,Maine,9607399
2022-10-01,MI,Michigan,164239753
2022-10-01,MN,Minnesota,174487041
2022-10-01,MO,Misuri,98859319
2022-10-01,MS,Mississipi,49476760
2022-10-01,MT,Montana,14185020
2022-10-01,NC,Carolina Del Norte,304324002
2022-10-01,ND,Dakota Del Norte,63617968
2022-10-01,NE,Nebraska,67503433
2022-10-01,NH,Nuevo Hampshire,18001659
2022-10-01,NJ,Nueva Jersey,213865669
2022-10-01,NM,Nuevo Mexico,101628397
2022-10-01,NV,Nevada,176888756
2022-10-01,NY,Nueva York,396302251
2022-10-01,OH,Ohio,119306851
2022-10-01,OK,Oklahoma,89448670
2022-10-01,OR,Oregon,132528464
2022-10-01,PA,Pensilvania,118752260
2022-10-01,PR,Puerto Rico,1582460
2022-10-01,RI,Rhode Island,6914807
2022-10-01,SC,Carolina Del Sur,129986717
2022-10-01,SD,Dakota Del Sur,16980671
2022-10-01,TN,Tennessee,248142578
2022-10-01,TX,Texas,2444061654
2022-10-01,UT,Utah,126846061
2022-10-01,VA,Virginia,136579758
2022-10-01,VT,Vermont,3676723
2022-10-01,WA,Washington,308057898
2022-10-01,WI,Wisconsin,146606132
2022-10-01,WV,West Virginia,15570354
2022-10-01,WY,Wyoming,19120677
2022-10-01,XX,No Identificado,285653381
2023-01-01,AK,Alaska,22535262
2023-01-01,AL,Alabama,84876883
2023-01-01,AR,Arkansas,85646229
2023-01-01,AZ,Arizona,539515689
2023-01-01,CA,California,4932040946
2023-01-01,CO,Colorado,287304528
2023-01-01,CT,Connecticut,25170124
2023-01-01,DC,"Washington, D.C.",15011203
2023-01-01,DE,Delaware,12064321
2023-01-01,FL,Florida,354484546
2023-01-01,GA,Georgia,457138170
2023-01-01,HI,Hawaii,59009815
2023-01-01,IA,Iowa,97356784
2023-01-01,ID,Idaho,44456278
2023-01-01,IL,Illinois,423931968
2023-01-01,IN,Indiana,130193737
2023-01-01,KS,Kansas,102926324
2023-01-01,KY,Kentucky,59884125
2023-01-01,LA,Luisiana,120605173
2023-01-01,MA,Massachusetts,42784460
2023-01-01,MD,Maryland,47493553
2023-01-01,ME,Maine,20226625
2023-01-01,MI,Michigan,134106683
2023-01-01,MN,Minnesota,148385965
2023-01-01,MO,Misuri,82681100
2023-01-01,MS,Mississipi,44471096
2023-01-01,MT,Montana,15827647
2023-01-01,NC,Carolina Del Norte,220425931
2023-01-01,ND,Dakota Del Norte,48174906
2023-01-01,NE,Nebraska,52094318
2023-01-01,NH,Nuevo Hampshire,8737441
2023-01-01,NJ,Nueva Jersey,173933450
2023-01-01,NM,Nuevo Mexico,92955113
2023-01-01,NV,Nevada,192666489
2023-01-01,NY,Nueva York,278118564
2023-01-01,OH,Ohio,219821787
2023-01-01,OK,Oklahoma,82690787
2023-01-01,OR,Oregon,109476720
2023-01-01,PA,Pensilvania,94843835
2023-01-01,PR,Puerto Rico,13105827
2023-01-01,RI,Rhode Island,6631720
2023-01-01,SC,Carolina Del Sur,117709480
2023-01-01,SD,Dakota Del Sur,11128576
2023-01-01,TN,Tennessee,216411239
2023-01-01,TX,Texas,2199579874
2023-01-01,UT,Utah,103924080
2023-01-01,VA,Virginia,98752153
2023-01-01,VT,Vermont,19026690
2023-01-01,WA,Washington,273130882
2023-01-01,WI,Wisconsin,126590119
2023-01-01,WV,West Virginia,11656512
2023-01-01,WY,Wyoming,30636823
2023-01-01,XX,No Identificado,227367140
2023-04-01,AK,Alaska,26010519
2023-04-01,AL,Alabama,96696331
2023-04-01,AR,Arkansas,121126821
2023-04-01,AZ,Arizona,621699957
2023-04-01,CA,California,5546597042
2023-04-01,CO,Colorado,336912807
2023-04-01,CT,Connecticut,28769177
2023-04-01,DC,"Washington, D.C.",17675637
2023-04-01,DE,Delaware,15294376
2023-04-01,FL,Florida,366308138
2023-04-01,GA,Georgia,542262562
2023-04-01,HI,Hawaii,71552036
2023-04-01,IA,Iowa,127107981
2023-04-01,ID,Idaho,63375112
2023-04-01,IL,Illinois,501692980
2023-04-01,IN,Indiana,158711893
2023-04-01,KS,Kansas,126614646
2023-04-01,KY,Kentucky,79200597
2023-04-01,LA,Luisiana,145353563
2023-04-01,MA,Massachusetts,51575914
2023-04-01,MD,Maryland,57736657
2023-04-01,ME,Maine,25164094
2023-04-01,MI,Michigan,172660445
2023-04-01,MN,Minnesota,178906184
2023-04-01,MO,Misuri,111621614
2023-04-01,MS,Mississipi,59764201
2023-04-01,MT,Montana,26801492
2023-04-01,NC,Carolina Del Norte,270578935
2023-04-01,ND,Dakota Del Norte,74745057
2023-04-01,NE,Nebraska,63406813
2023-04-01,NH,Nuevo Hampshire,13870643
2023-04-01,NJ,Nueva Jersey,207640041
2023-04-01,NM,Nuevo Mexico,110921556
2023-04-01,NV,Nevada,225710871
2023-04-01,NY,Nueva York,351752061
2023-04-01,OH,Ohio,280804058
2023-04-01,OK,Oklahoma,101990146
2023-04-01,OR,Oregon,128393678
2023-04-01,PA,Pensilvania,129387606
2023-04-01,PR,Puerto Rico,16811773
2023-04-01,RI,Rhode Island,6889416
2023-04-01,SC,Carolina Del Sur,139650931
2023-04-01,SD,Dakota Del Sur,18172249
2023-04-01,TN,Tennessee,261365392
2023-04-01,TX,Texas,2557444047
2023-04-01,UT,Utah,125511647
2023-04-01,VA,Virginia,123323404
2023-04-01,VT,Vermont,22649480
2023-04-01,WA,Washington,325198737
2023-04-01,WI,Wisconsin,149887086
2023-04-01,WV,West Virginia,14357534
2023-04-01,WY,Wyoming,38868802
2023-04-01,XX,No Identificado,238133670
2023-07-01,AK,Alaska,26645327
2023-07-01,AL,Alabama,175310361
2023-07-01,AR,Arkansas,117467704
2023-07-01,AZ,Arizona,300641733
2023-07-01,CA,California,4870734295
2023-07-01,CO,Colorado,680049962
2023-07-01,CT,Connecticut,50704030
2023-07-01,DC,"Washington, D.C.",20030939
2023-07-01,DE,Delaware,39254235
2023-07-01,FL,Florida,568498005
2023-07-01,GA,Georgia,674605964
2023-07-01,HI,Hawaii,63296369
2023-07-01,IA,Iowa,142505637
2023-07-01,ID,Idaho,96049981
2023-07-01,IL,Illinois,603100034
2023-07-01,IN,Indiana,221189081
2023-07-01,KS,Kansas,128788927
2023-07-01,KY,Kentucky,132289707
2023-07-01,LA,Luisiana,109882541
2023-07-01,MA,Massachusetts,54017260
2023-07-01,MD,Maryland,100972036
2023-07-01,ME,Maine,22653175
2023-07-01,MI,Michigan,187668072
2023-07-01,MN,Minnesota,169177222
2023-07-01,MO,Misuri,114037906
2023-07-01,MS,Mississipi,85833723
2023-07-01,MT,Montana,26684210
2023-07-01,NC,Carolina Del Norte,474717047
2023-07-01,ND,Dakota Del Norte,27992824
2023-07-01,NE,Nebraska,67674759
2023-07-01,NH,Nuevo Hampshire,9739954
2023-07-01,NJ,Nueva Jersey,381867226
2023-07-01,NM,Nuevo Mexico,99084208
2023-07-01,NV,Nevada,222188911
2023-07-01,NY,Nueva York,521824957
2023-07-01,OH,Ohio,344091670
2023-07-01,OK,Oklahoma,135085204
2023-07-01,OR,Oregon,216064652
2023-07-01,PA,Pensilvania,169361696
2023-07-01,PR,Puerto Rico,16915816
2023-07-01,RI,Rhode Island,8545414
2023-07-01,SC,Carolina Del Sur,243177702
2023-07-01,SD,Dakota Del Sur,19647969
2023-07-01,TN,Tennessee,308704960
2023-07-01,TX,Texas,2248376633
2023-07-01,UT,Utah,159636917
2023-07-01,VA,Virginia,179380275
2023-07-01,VT,Vermont,24944669
2023-07-01,WA,Washington,247069797
2023-07-01,WI,Wisconsin,141944148
2023-07-01,WV,West Virginia,16484108
2023-07-01,WY,Wyoming,40030553
2023-07-01,XX,No Identificado,147326214
2023-10-01,AK,Alaska,22620251
2023-10-01,AL,Alabama,152364136
2023-10-01,AR,Arkansas,103442710
2023-10-01,AZ,Arizona,286063706
2023-10-01,CA,California,5345553815
2023-10-01,CO,Colorado,587066741
2023-10-01,CT,Connecticut,43587426
2023-10-01,DC,"Washington, D.C.",25221334
2023-10-01,DE,Delaware,32209757
2023-10-01,FL,Florida,565950769
2023-10-01,GA,Georgia,601745621
2023-10-01,HI,Hawaii,60566179
2023-10-01,IA,Iowa,127230239
2023-10-01,ID,Idaho,86838137
2023-10-01,IL,Illinois,546675488
2023-10-01,IN,Indiana,183916455
2023-10-01,KS,Kansas,117496728
2023-10-01,KY,Kentucky,111823476
2023-10-01,LA,Luisiana,106495032
2023-10-01,MA,Massachusetts,50633327
2023-10-01,MD,Maryland,84422923
2023-10-01,ME,Maine,19004386
2023-10-01,MI,Michigan,146862643
2023-10-01,MN,Minnesota,149994315
2023-10-01,MO,Misuri,99811702
2023-10-01,MS,Mississipi,76391995
2023-10-01,MT,Montana,19919585
2023-10-01,NC,Carolina Del Norte,388492577
2023-10-01,ND,Dakota Del Norte,23962015
2023-10-01,NE,Nebraska,59791050
2023-10-01,NH,Nuevo Hampshire,8165663
2023-10-01,NJ,Nueva Jersey,348664590
2023-10-01,NM,Nuevo Mexico,88959409
2023-10-01,NV,Nevada,204525275
2023-10-01,NY,Nueva York,450474165
2023-10-01,OH,Ohio,301200136
2023-10-01,OK,Oklahoma,123042916
2023-10-01,OR,Oregon,184980070
2023-10-01,PA,Pensilvania,144002085
2023-10-01,PR,Puerto Rico,16069443
2023-10-01,RI,Rhode Island,7979983
2023-10-01,SC,Carolina Del Sur,207645297
2023-10-01,SD,Dakota Del Sur,16549575
2023-10-01,TN,Tennessee,273130470
2023-10-01,TX,Texas,2240717868
2023-10-01,UT,Utah,141792411
2023-10-01,VA,Virginia,123035083
2023-10-01,VT,Vermont,23593577
2023-10-01,WA,Washington,201894628
2023-10-01,WI,Wisconsin,125050264
2023-10-01,WV,West Virginia,11004329
2023-10-01,WY,Wyoming,35769960
2023-10-01,XX,No Identificado,72320347
2024-01-01,AK,Alaska,19956560
2024-01-01,AL,Alabama,136471239
2024-01-01,AR,Arkansas,87139962
2024-01-01,AZ,Arizona,282839012
2024-01-01,CA,California,4581879283
2024-01-01,CO,Colorado,513568306
2024-01-01,CT,Connecticut,40430565
2024-01-01,DC,"Washington, D.C.",37565727
2024-01-01,DE,Delaware,27933208
2024-01-01,FL,Florida,554465248
2024-01-01,GA,Georgia,525518114
2024-01-01,HI,Hawaii,55727785
2024-01-01,IA,Iowa,107968086
2024-01-01,ID,Idaho,67420310
2024-01-01,IL,Illinois,500077455
2024-01-01,IN,Indiana,155131832
2024-01-01,KS,Kansas,101589047
2024-01-01,KY,Kentucky,90432856
2024-01-01,LA,Luisiana,85491439
2024-01-01,MA,Massachusetts,46734976
2024-01-01,MD,Maryland,70471352
2024-01-01,ME,Maine,16815759
2024-01-01,MI,Michigan,120361884
2024-01-01,MN,Minnesota,123332463
2024-01-01,MO,Misuri,84243285
2024-01-01,MS,Mississipi,63742720
2024-01-01,MT,Montana,17353625
2024-01-01,NC,Carolina Del Norte,323947476
2024-01-01,ND,Dakota Del Norte,22045290
2024-01-01,NE,Nebraska,51895803
2024-01-01,NH,Nuevo Hampshire,9018502
2024-01-01,NJ,Nueva Jersey,305272677
2024-01-01,NM,Nuevo Mexico,89455716
2024-01-01,NV,Nevada,187012667
2024-01-01,NY,Nueva York,409358852
2024-01-01,OH,Ohio,260257709
2024-01-01,OK,Oklahoma,105397282
2024-01-01,OR,Oregon,155048381
2024-01-01,PA,Pensilvania,123527718
2024-01-01,PR,Puerto Rico,14499765
2024-01-01,RI,Rhode Island,9136713
2024-01-01,SC,Carolina Del Sur,187379377
2024-01-01,SD,Dakota Del Sur,16494055
2024-01-01,TN,Tennessee,243786798
2024-01-01,TX,Texas,1913821809
2024-01-01,UT,Utah,118467417
2024-01-01,VA,Virginia,110596953
2024-01-01,VT,Vermont,23957908
2024-01-01,WA,Washington,160253061
2024-01-01,WI,Wisconsin,114535734
2024-01-01,WV,West Virginia,8800279
2024-01-01,WY,Wyoming,31395139
2024-01-01,XX,No Identificado,47839030
2024-04-01,AK,Alaska,22214042
2024-04-01,AL,Alabama,172954735
2024-04-01,AR,Arkansas,115658326
2024-04-01,AZ,Arizona,341774129
2024-04-01,CA,California,5502688002
2024-04-01,CO,Colorado,654013517
2024-04-01,CT,Connecticut,49970915
2024-04-01,DC,"Washington, D.C.",38388334
2024-04-01,DE,Delaware,36057746
2024-04-01,FL,Florida,606617734
2024-04-01,GA,Georgia,674911900
2024-04-01,HI,Hawaii,63279951
2024-04-01,IA,Iowa,131914234
2024-04-01,ID,Idaho,87569186
2024-04-01,IL,Illinois,598678978
2024-04-01,IN,Indiana,194052597
2024-04-01,KS,Kansas,128848068
2024-04-01,KY,Kentucky,118735799
2024-04-01,LA,Luisiana,114979098
2024-04-01,MA,Massachusetts,50907897
2024-04-01,MD,Maryland,92105538
2024-04-01,ME,Maine,19513132
2024-04-01,MI,Michigan,167012899
2024-04-01,MN,Minnesota,130258560
2024-04-01,MO,Misuri,115592575
2024-04-01,MS,Mississipi,83692564
2024-04-01,MT,Montana,22475338
2024-04-01,NC,Carolina Del Norte,436367532
2024-04-01,ND,Dakota Del Norte,27142515
2024-04-01,NE,Nebraska,65228059
2024-04-01,NH,Nuevo Hampshire,8379395
2024-04-01,NJ,Nueva Jersey,387605711
2024-04-01,NM,Nuevo Mexico,101172560
2024-04-01,NV,Nevada,228063046
2024-04-01,NY,Nueva York,478642288
2024-04-01,OH,Ohio,330089531
2024-04-01,OK,Oklahoma,130512577
2024-04-01,OR,Oregon,201891579
2024-04-01,PA,Pensilvania,165695059
2024-04-01,PR,Puerto Rico,16521873
2024-04-01,RI,Rhode Island,7703777
2024-04-01,SC,Carolina Del Sur,243725327
2024-04-01,SD,Dakota Del Sur,14932596
2024-04-01,TN,Tennessee,287436180
2024-04-01,TX,Texas,2394565700
2024-04-01,UT,Utah,148083392
2024-04-01,VA,Virginia,137121398
2024-04-01,VT,Vermont,23306927
2024-04-01,WA,Washington,222281928
2024-04-01,WI,Wisconsin,137911134
2024-04-01,WV,West Virginia,11834637
2024-04-01,WY,Wyoming,37868042
2024-04-01,XX,No Identificado,59991216
2024-07-01,AK,Alaska,22881488
2024-07-01,AL,Alabama,169047024
2024-07-01,AR,Arkansas,117629924
2024-07-01,AZ,Arizona,325557882
2024-07-01,CA,California,5276861649
2024-07-01,CO,Colorado,706372072
2024-07-01,CT,Connecticut,46751126
2024-07-01,DC,"Washington, D.C.",37683197
2024-07-01,DE,Delaware,36135225
2024-07-01,FL,Florida,522384393
2024-07-01,GA,Georgia,631742722
2024-07-01,HI,Hawaii,61593862
2024-07-01,IA,Iowa,138171084
2024-07-01,ID,Idaho,101573025
2024-07-01,IL,Illinois,600952355
2024-07-01,IN,Indiana,204770748
2024-07-01,KS,Kansas,129529366
2024-07-01,KY,Kentucky,126740463
2024-07-01,LA,Luisiana,106845898
2024-07-01,MA,Massachusetts,47784669
2024-07-01,MD,Maryland,88380280
2024-07-01,ME,Maine,21073410
2024-07-01,MI,Michigan,188221701
2024-07-01,MN,Minnesota,129238856
2024-07-01,MO,Misuri,120393069
2024-07-01,MS,Mississipi,82104886
2024-07-01,MT,Montana,25568947
2024-07-01,NC,Carolina Del Norte,443075805
2024-07-01,ND,Dakota Del Norte,28340220
2024-07-01,NE,Nebraska,70852052
2024-07-01,NH,Nuevo Hampshire,8090187
2024-07-01,NJ,Nueva Jersey,385365856
2024-07-01,NM,Nuevo Mexico,105633601
2024-07-01,NV,Nevada,229224866
2024-07-01,NY,Nueva York,463366013
2024-07-01,OH,Ohio,336766153
2024-07-01,OK,Oklahoma,131051148
2024-07-01,OR,Oregon,229407712
2024-07-01,PA,Pensilvania,164993564
2024-07-01,PR,Puerto Rico,16126131
2024-07-01,RI,Rhode Island,7020426
2024-07-01,SC,Carolina Del Sur,234136556
2024-07-01,SD,Dakota Del Sur,16512107
2024-07-01,TN,Tennessee,292807570
2024-07-01,TX,Texas,2370998321
2024-07-01,UT,Utah,155284768
2024-07-01,VA,Virginia,173527027
2024-07-01,VT,Vermont,22782636
2024-07-01,WA,Washington,254867437
2024-07-01,WI,Wisconsin,146950025
2024-07-01,WV,West Virginia,12209125
2024-07-01,WY,Wyoming,40486825
2024-07-01,XX,No Identificado,67638096
2024-10-01,AK,Alaska,20845390
2024-10-01,AL,Alabama,163175874
2024-10-01,AR,Arkansas,111060220
2024-10-01,AZ,Arizona,339901108
2024-10-01,CA,California,5051025800
2024-10-01,CO,Colorado,655106082
2024-10-01,CT,Connecticut,44902763
2024-10-01,DC,"Washington, D.C.",45853285
2024-10-01,DE,Delaware,34057590
2024-10-01,FL,Florida,544087132
2024-10-01,GA,Georgia,622635091
2024-10-01,HI,Hawaii,58121322
2024-10-01,IA,Iowa,129034473
2024-10-01,ID,Idaho,89380666
2024-10-01,IL,Illinois,604838320
2024-10-01,IN,Indiana,196099125
2024-10-01,KS,Kansas,126441011
2024-10-01,KY,Kentucky,117906158
2024-10-01,LA,Luisiana,116488035
2024-10-01,MA,Massachusetts,44582242
2024-10-01,MD,Maryland,83019079
2024-10-01,ME,Maine,18432747
2024-10-01,MI,Michigan,164478302
2024-10-01,MN,Minnesota,122320815
2024-10-01,MO,Misuri,112033499
2024-10-01,MS,Mississipi,83366615
2024-10-01,MT,Montana,21011682
2024-10-01,NC,Carolina Del Norte,422150819
2024-10-01,ND,Dakota Del Norte,26406785
2024-10-01,NE,Nebraska,66988288
2024-10-01,NH,Nuevo Hampshire,7134067
2024-10-01,NJ,Nueva Jersey,366651237
2024-10-01,NM,Nuevo Mexico,99230312
2024-10-01,NV,Nevada,221030867
2024-10-01,NY,Nueva York,450325490
2024-10-01,OH,Ohio,313504162
2024-10-01,OK,Oklahoma,128174092
2024-10-01,OR,Oregon,207594798
2024-10-01,PA,Pensilvania,156942420
2024-10-01,PR,Puerto Rico,15160267
2024-10-01,RI,Rhode Island,6685274
2024-10-01,SC,Carolina Del Sur,228572864
2024-10-01,SD,Dakota Del Sur,14650492
2024-10-01,TN,Tennessee,269624414
2024-10-01,TX,Texas,2322902145
2024-10-01,UT,Utah,146775635
2024-10-01,VA,Virginia,160616422
2024-10-01,VT,Vermont,20924156
2024-10-01,WA,Washington,239172549
2024-10-01,WI,Wisconsin,145278786
2024-10-01,WV,West Virginia,11900407
2024-10-01,WY,Wyoming,36211245
2024-10-01,XX,No Identificado,54330287
2025-01-01,AK,Alaska,18124568
2025-01-01,AL,Alabama,151976311
2025-01-01,AR,Arkansas,93315581
2025-01-01,AZ,Arizona,325324932
2025-01-01,CA,California,4414684177
2025-01-01,CO,Colorado,478159421
2025-01-01,CT,Connecticut,40046843
2025-01-01,DC,"Washington, D.C.",44337944
2025-01-01,DE,Delaware,30781195
2025-01-01,FL,Florida,565779876
2025-01-01,GA,Georgia,554682150
2025-01-01,HI,Hawaii,51253807
2025-01-01,IA,Iowa,107830763
2025-01-01,ID,Idaho,62891805
2025-01-01,IL,Illinois,557782443
2025-01-01,IN,Indiana,174809053
2025-01-01,KS,Kansas,107498160
2025-01-01,KY,Kentucky,96634858
2025-01-01,LA,Luisiana,92153794
2025-01-01,MA,Massachusetts,38364418
2025-01-01,MD,Maryland,70160369
2025-01-01,ME,Maine,14883565
2025-01-01,MI,Michigan,130137442
2025-01-01,MN,Minnesota,104287535
2025-01-01,MO,Misuri,94109006
2025-01-01,MS,Mississipi,71930131
2025-01-01,MT,Montana,15357889
2025-01-01,NC,Carolina Del Norte,360886977
2025-01-01,ND,Dakota Del Norte,20501297
2025-01-01,NE,Nebraska,54681895
2025-01-01,NH,Nuevo Hampshire,5852913
2025-01-01,NJ,Nueva Jersey,350809144
2025-01-01,NM,Nuevo Mexico,90821765
2025-01-01,NV,Nevada,202152695
2025-01-01,NY,Nueva York,423345936
2025-01-01,OH,Ohio,270945647
2025-01-01,OK,Oklahoma,112003140
2025-01-01,OR,Oregon,170217537
2025-01-01,PA,Pensilvania,137145512
2025-01-01,PR,Puerto Rico,13406905
2025-01-01,RI,Rhode Island,6164283
2025-01-01,SC,Carolina Del Sur,211120693
2025-01-01,SD,Dakota Del Sur,11133597
2025-01-01,TN,Tennessee,232981641
2025-01-01,TX,Texas,1996524912
2025-01-01,UT,Utah,126380494
2025-01-01,VA,Virginia,133683318
2025-01-01,VT,Vermont,17942243
2025-01-01,WA,Washington,193387201
2025-01-01,WI,Wisconsin,131136114
2025-01-01,WV,West Virginia,10984138
2025-01-01,WY,Wyoming,31176822
2025-01-01,XX,No Identificado,47213705
2025-04-01,AK,Alaska,15282390
2025-04-01,AL,Alabama,175355131
2025-04-01,AR,Arkansas,107942509
2025-04-01,AZ,Arizona,337309151
2025-04-01,CA,California,4676195532
2025-04-01,CO,Colorado,347561400
2025-04-01,CT,Connecticut,44742648
2025-04-01,DC,"Washington, D.C.",32111499
2025-04-01,DE,Delaware,38407619
2025-04-01,FL,Florida,578563525
2025-04-01,GA,Georgia,617647664
2025-04-01,HI,Hawaii,39979551
2025-04-01,IA,Iowa,104795132
2025-04-01,ID,Idaho,88065351
2025-04-01,IL,Illinois,580445642
2025-04-01,IN,Indiana,199688907
2025-04-01,KS,Kansas,114305205
2025-04-01,KY,Kentucky,123903125
2025-04-01,LA,Luisiana,107954705
2025-04-01,MA,Massachusetts,37792162
2025-04-01,MD,Maryland,83282823
2025-04-01,ME,Maine,12787112
2025-04-01,MI,Michigan,163147824
2025-04-01,MN,Minnesota,114020221
2025-04-01,MO,Misuri,116791349
2025-04-01,MS,Mississipi,83299711
2025-04-01,MT,Montana,17870159
2025-04-01,NC,Carolina Del Norte,451614572
2025-04-01,ND,Dakota Del Norte,20698096
2025-04-01,NE,Nebraska,63203807
2025-04-01,NH,Nuevo Hampshire,6710480
2025-04-01,NJ,Nueva Jersey,404659180
2025-04-01,NM,Nuevo Mexico,99763492
2025-04-01,NV,Nevada,204916164
2025-04-01,NY,Nueva York,449821178
2025-04-01,OH,Ohio,275732572
2025-04-01,OK,Oklahoma,125417074
2025-04-01,OR,Oregon,189490403
2025-04-01,PA,Pensilvania,159112043
2025-04-01,PR,Puerto Rico,9914274
2025-04-01,RI,Rhode Island,6669490
2025-04-01,SC,Carolina Del Sur,244908639
2025-04-01,SD,Dakota Del Sur,15547887
2025-04-01,TN,Tennessee,279370952
2025-04-01,TX,Texas,2196455534
2025-04-01,UT,Utah,141150398
2025-04-01,VA,Virginia,135797155
2025-04-01,VT,Vermont,14281363
2025-04-01,WA,Washington,209499614
2025-04-01,WI,Wisconsin,141065872
2025-04-01,WV,West Virginia,13136643
2025-04-01,WY,Wyoming,29808454
2025-04-01,XX,No Identificado,56875139
